일자,종가,대비,등락률,시가,고가,저가,거래량,거래대금,상장시가총액
"2022/02/18","1111.83","-1.82","-0.16","1096.83","1117.96","1093.45","2450.0","320.0","49985.0"
"2022/02/17","1113.65","-12.40","-1.10","1128.29","1138.54","1098.09","3919.0","481.0","50049.0"
"2022/02/16","1126.05","14.22","1.28","1112.08","1130.95","1096.05","3975.0","600.0","50705.0"
"2022/02/15","1111.83","4.16","0.38","1114.15","1148.99","1107.60","4544.0","593.0","50081.0"
"2022/02/14","1107.67","-3.11","-0.28","1090.28","1114.33","1081.78","3778.0","496.0","49681.0"
"2022/02/11","1110.78","-55.95","-4.80","1125.95","1137.15","1105.54","5169.0","910.0","49639.0"
"2022/02/10","1166.73","-16.05","-1.36","1192.40","1201.19","1160.18","4720.0","560.0","52593.0"
"2022/02/09","1182.78","-3.71","-0.31","1201.79","1202.16","1176.12","3870.0","379.0","53314.0"
"2022/02/08","1186.49","5.31","0.45","1191.10","1215.70","1174.37","4885.0","554.0","53546.0"
"2022/02/07","1181.18","14.43","1.24","1177.27","1186.02","1157.42","4059.0","539.0","53311.0"
"2022/02/04","1166.75","39.24","3.48","1125.96","1179.69","1123.70","5695.0","673.0","52453.0"
"2022/02/03","1127.51","-27.10","-2.35","1167.24","1169.68","1125.58","3587.0","470.0","50486.0"
"2022/01/28","1154.61","12.83","1.12","1155.94","1170.94","1122.10","4022.0","563.0","51295.0"
"2022/01/27","1141.78","-65.91","-5.46","1210.69","1216.09","1138.62","4985.0","616.0","50578.0"
"2022/01/26","1207.69","-14.82","-1.21","1232.70","1241.91","1207.18","3881.0","549.0","53432.0"
"2022/01/25","1222.51","-25.04","-2.01","1257.92","1265.78","1220.38","4115.0","526.0","54274.0"
"2022/01/24","1247.55","-25.56","-2.01","1267.01","1273.35","1234.13","3875.0","482.0","55547.0"
"2022/01/21","1273.11","-11.28","-0.88","1261.84","1293.15","1257.34","3681.0","578.0","56197.0"
"2022/01/20","1284.39","44.17","3.56","1241.83","1290.46","1234.44","2900.0","389.0","56992.0"
"2022/01/19","1240.22","-22.17","-1.76","1260.19","1266.74","1235.76","2791.0","381.0","55361.0"
"2022/01/18","1262.39","-23.21","-1.81","1287.55","1301.68","1257.68","1985.0","272.0","56522.0"
"2022/01/17","1285.60","1.03","0.08","1283.90","1296.72","1271.36","1791.0","279.0","57421.0"
"2022/01/14","1284.57","-22.93","-1.75","1278.04","1296.72","1264.77","2636.0","453.0","57527.0"
"2022/01/13","1307.50","-39.31","-2.92","1342.26","1344.31","1305.55","3032.0","477.0","58430.0"
"2022/01/12","1346.81","31.90","2.43","1334.80","1353.58","1330.12","3102.0","429.0","60490.0"
"2022/01/11","1314.91","-30.35","-2.26","1346.10","1354.88","1310.35","3712.0","510.0","59247.0"
"2022/01/10","1345.26","-15.62","-1.15","1349.88","1362.52","1325.25","3375.0","474.0","60760.0"
"2022/01/07","1360.88","5.88","0.43","1363.23","1382.93","1360.84","4010.0","520.0","61652.0"
"2022/01/06","1355.00","-80.17","-5.59","1404.91","1407.59","1353.09","8682.0","955.0","61545.0"
"2022/01/05","1435.17","-67.74","-4.51","1493.58","1494.05","1431.38","4172.0","633.0","65234.0"
"2022/01/04","1502.91","-43.88","-2.84","1542.76","1545.07","1495.25","4405.0","527.0","68458.0"
"2022/01/03","1546.79","18.96","1.24","1546.85","1586.16","1539.28","6436.0","703.0","70497.0"
"2021/12/30","1527.83","10.00","0.66","1515.86","1539.86","1505.51","5207.0","564.0","69831.0"
"2021/12/29","1517.83","-9.54","-0.62","1530.29","1539.76","1514.89","7090.0","884.0","69657.0"
"2021/12/28","1527.37","19.90","1.32","1511.65","1527.45","1498.95","5930.0","797.0","70812.0"
"2021/12/27","1507.47","-2.47","-0.16","1510.82","1515.20","1494.97","4011.0","517.0","69612.0"
"2021/12/24","1509.94","3.74","0.25","1510.33","1524.43","1504.70","4421.0","454.0","69910.0"
"2021/12/23","1506.20","-9.65","-0.64","1522.82","1529.89","1500.68","3627.0","430.0","69729.0"
"2021/12/22","1515.85","12.14","0.81","1512.10","1527.64","1507.52","8053.0","533.0","70299.0"
"2021/12/21","1503.71","5.50","0.37","1505.57","1511.67","1480.67","2570.0","373.0","69705.0"
"2021/12/20","1498.21","-15.14","-1.00","1510.01","1515.13","1490.75","2600.0","414.0","69447.0"
"2021/12/17","1513.35","-4.67","-0.31","1511.18","1525.32","1503.52","5052.0","1169.0","70565.0"
"2021/12/16","1518.02","12.97","0.86","1517.95","1529.13","1508.56","3228.0","519.0","70601.0"
"2021/12/15","1505.05","-24.33","-1.59","1525.16","1533.69","1495.57","2729.0","465.0","70078.0"
"2021/12/14","1529.38","-14.09","-0.91","1535.39","1550.80","1516.28","2894.0","462.0","71165.0"
"2021/12/13","1543.47","-21.84","-1.40","1562.70","1566.56","1541.92","3326.0","491.0","71757.0"
"2021/12/10","1565.31","-13.28","-0.84","1567.70","1579.19","1557.35","4413.0","615.0","72604.0"
"2021/12/09","1578.59","38.47","2.50","1561.72","1583.36","1556.39","5386.0","808.0","72827.0"
"2021/12/08","1540.12","22.23","1.46","1538.21","1562.32","1535.69","5270.0","809.0","70903.0"
"2021/12/07","1517.89","-0.89","-0.06","1531.72","1546.24","1501.24","3828.0","631.0","69860.0"
"2021/12/06","1518.78","-55.63","-3.53","1559.35","1562.67","1517.55","3927.0","600.0","70112.0"
"2021/12/03","1574.41","49.14","3.22","1531.98","1586.42","1527.69","5069.0","812.0","72943.0"
"2021/12/02","1525.27","-25.48","-1.64","1535.71","1544.78","1495.91","6073.0","853.0","70910.0"
"2021/12/01","1550.75","-4.46","-0.29","1571.87","1584.69","1523.50","5462.0","903.0","71930.0"
"2021/11/30","1555.21","-25.74","-1.63","1598.70","1626.19","1533.57","14703.0","2771.0","72521.0"
"2021/11/29","1580.95","-5.03","-0.32","1559.76","1622.71","1559.67","6411.0","998.0","73698.0"
"2021/11/26","1585.98","-3.86","-0.24","1598.38","1620.51","1573.65","7082.0","1075.0","73802.0"
"2021/11/25","1589.84","-2.48","-0.16","1598.55","1634.16","1589.11","7172.0","1075.0","73766.0"
"2021/11/24","1592.32","7.62","0.48","1583.20","1603.83","1550.02","6441.0","933.0","73946.0"
"2021/11/23","1584.70","-44.84","-2.75","1599.78","1635.39","1575.14","6700.0","1040.0","73495.0"
"2021/11/22","1629.54","-59.85","-3.54","1657.52","1668.03","1587.06","11449.0","1575.0","75501.0"
"2021/11/19","1689.39","-45.94","-2.65","1718.33","1732.63","1688.37","8866.0","1286.0","78572.0"
"2021/11/18","1735.33","7.63","0.44","1735.19","1749.28","1677.47","9751.0","1706.0","80327.0"
"2021/11/17","1727.70","19.84","1.16","1730.79","1759.56","1712.10","14037.0","2183.0","80572.0"
"2021/11/16","1707.86","72.06","4.41","1645.87","1712.13","1645.87","20601.0","3090.0","79304.0"
"2021/11/15","1635.80","-31.09","-1.87","1658.72","1697.77","1625.43","7831.0","1768.0","76111.0"
"2021/11/12","1666.89","-35.60","-2.09","1703.73","1703.92","1614.39","16427.0","3107.0","77216.0"
"2021/11/11","1702.49","170.83","11.15","1520.40","1723.22","1517.97","28390.0","5797.0","78370.0"
"2021/11/10","1531.66","1.81","0.12","1530.52","1548.99","1521.33","16925.0","2494.0","70523.0"
"2021/11/09","1529.85","48.74","3.29","1480.00","1531.37","1479.64","10310.0","1360.0","70169.0"
"2021/11/08","1481.11","13.66","0.93","1469.38","1489.74","1449.16","10144.0","1453.0","67912.0"
"2021/11/05","1467.45","21.14","1.46","1456.46","1471.85","1438.73","9730.0","1408.0","67534.0"
"2021/11/04","1446.31","-47.26","-3.16","1482.04","1484.11","1428.70","14922.0","2136.0","66803.0"
"2021/11/03","1493.57","-3.72","-0.25","1492.60","1508.45","1486.72","7466.0","995.0","68678.0"
"2021/11/02","1497.29","-6.35","-0.42","1506.09","1511.87","1494.38","7565.0","835.0","69022.0"
"2021/11/01","1503.64","49.84","3.43","1460.03","1509.45","1459.30","13246.0","1358.0","69213.0"
"2021/10/29","1453.80","0.29","0.02","1459.41","1472.84","1445.63","5996.0","663.0","66930.0"
"2021/10/28","1453.51","-55.24","-3.66","1505.47","1511.17","1453.42","6802.0","795.0","67007.0"
"2021/10/27","1508.75","17.89","1.20","1494.37","1513.73","1481.41","6799.0","769.0","69518.0"
"2021/10/26","1490.86","25.10","1.71","1475.88","1502.87","1472.06","6322.0","770.0","68843.0"
"2021/10/25","1465.76","-12.58","-0.85","1487.92","1492.14","1457.33","5549.0","761.0","67642.0"
"2021/10/22","1478.34","12.18","0.83","1470.37","1498.70","1468.77","12418.0","1154.0","68105.0"
"2021/10/21","1466.16","25.71","1.78","1441.63","1474.26","1441.63","8428.0","902.0","67779.0"
"2021/10/20","1440.45","-17.70","-1.21","1459.35","1476.58","1439.07","4770.0","669.0","66392.0"
"2021/10/19","1458.15","55.31","3.94","1415.89","1460.13","1415.32","4854.0","682.0","67243.0"
"2021/10/18","1402.84","3.16","0.23","1401.65","1416.89","1386.65","5292.0","626.0","64970.0"
"2021/10/15","1399.68","4.44","0.32","1392.96","1406.00","1384.99","3179.0","497.0","64535.0"
"2021/10/14","1395.24","15.56","1.13","1385.81","1395.49","1379.00","3407.0","445.0","64495.0"
"2021/10/13","1379.68","14.51","1.06","1369.13","1402.51","1368.20","3849.0","525.0","64031.0"
"2021/10/12","1365.17","-16.22","-1.17","1376.35","1378.09","1349.51","2920.0","440.0","63352.0"
"2021/10/08","1381.39","-5.27","-0.38","1387.21","1390.13","1371.97","2614.0","339.0","63603.0"
"2021/10/07","1386.66","51.20","3.83","1354.52","1393.30","1353.12","4248.0","529.0","63981.0"
"2021/10/06","1335.46","-1.10","-0.08","1350.87","1360.31","1327.87","3748.0","524.0","61499.0"
"2021/10/05","1336.56","-43.90","-3.18","1365.31","1369.94","1331.22","4215.0","631.0","61813.0"
"2021/10/01","1380.46","-12.73","-0.91","1386.72","1394.03","1374.26","4504.0","598.0","64244.0"
"2021/09/30","1393.19","22.64","1.65","1371.05","1402.23","1368.07","3257.0","727.0","64689.0"
"2021/09/29","1370.55","-11.98","-0.87","1364.97","1376.93","1345.73","2836.0","438.0","63879.0"
"2021/09/28","1382.53","-16.93","-1.21","1394.68","1401.74","1376.17","3331.0","511.0","64384.0"
"2021/09/27","1399.46","-4.60","-0.33","1408.01","1413.26","1397.19","2888.0","428.0","64917.0"
"2021/09/24","1404.06","0.99","0.07","1403.04","1410.70","1392.39","4175.0","533.0","65040.0"
"2021/09/23","1403.07","-0.50","-0.04","1392.40","1415.19","1385.37","3725.0","580.0","65046.0"
"2021/09/17","1403.57","10.17","0.73","1392.89","1405.08","1385.63","5779.0","841.0","64972.0"
"2021/09/16","1393.40","-12.50","-0.89","1409.59","1412.85","1390.05","3668.0","506.0","64514.0"
"2021/09/15","1405.90","11.71","0.84","1389.44","1417.02","1382.34","3191.0","478.0","65039.0"
"2021/09/14","1394.19","37.63","2.77","1359.82","1399.96","1359.39","7391.0","850.0","64236.0"
"2021/09/13","1356.56","-5.85","-0.43","1371.03","1376.08","1351.18","4335.0","596.0","62238.0"
"2021/09/10","1362.41","-22.78","-1.64","1375.94","1376.71","1349.50","7260.0","871.0","62401.0"
"2021/09/09","1385.19","-11.38","-0.81","1392.12","1402.22","1374.60","5579.0","708.0","42246.0"
"2021/09/08","1396.57","-31.88","-2.23","1425.09","1431.99","1396.57","4627.0","594.0","42429.0"
"2021/09/07","1428.45","-18.10","-1.25","1451.95","1455.44","1419.57","3944.0","569.0","43146.0"
"2021/09/06","1446.55","-18.57","-1.27","1462.63","1465.47","1439.89","4888.0","629.0","43840.0"
"2021/09/03","1465.12","13.40","0.92","1457.22","1467.85","1449.95","6852.0","877.0","44014.0"
"2021/09/02","1451.72","-10.12","-0.69","1466.28","1482.52","1451.32","5977.0","709.0","43784.0"
"2021/09/01","1461.84","-22.00","-1.48","1469.05","1478.72","1457.42","10282.0","1202.0","44143.0"
"2021/08/31","1483.84","1.82","0.12","1463.91","1487.36","1449.03","13031.0","1495.0","44971.0"
"2021/08/30","1482.02","30.46","2.10","1455.13","1484.74","1451.72","18395.0","2043.0","44752.0"
"2021/08/27","1451.56","-45.27","-3.02","1495.88","1506.43","1444.32","18158.0","2166.0","43913.0"
"2021/08/26","1496.83","14.67","0.99","1471.33","1508.85","1452.95","23237.0","2618.0","45326.0"
"2021/08/25","1482.16","9.62","0.65","1478.78","1485.12","1464.46","3028.0","327.0","47123.0"
"2021/08/24","1472.54","24.48","1.69","1457.23","1475.69","1449.07","2620.0","307.0","47053.0"
"2021/08/23","1448.06","2.48","0.17","1463.69","1463.69","1437.92","3483.0","335.0","46106.0"
"2021/08/20","1445.58","-2.24","-0.15","1458.81","1482.26","1434.91","5387.0","564.0","45760.0"
"2021/08/19","1447.82","7.92","0.55","1437.28","1474.91","1430.92","6276.0","811.0","46263.0"
"2021/08/18","1439.90","27.49","1.95","1412.38","1449.16","1408.59","4810.0","434.0","45077.0"
"2021/08/17","1412.41","-15.28","-1.07","1419.59","1430.93","1406.27","6248.0","518.0","44100.0"
"2021/08/13","1427.69","-42.16","-2.87","1454.36","1456.40","1411.55","11755.0","935.0","44734.0"
"2021/08/12","1469.85","-19.15","-1.29","1477.64","1492.50","1459.53","5385.0","512.0","46115.0"
"2021/08/11","1489.00","-26.36","-1.74","1511.61","1519.49","1485.99","3498.0","360.0","46315.0"
"2021/08/10","1515.36","-0.26","-0.02","1506.67","1518.48","1495.31","3013.0","257.0","47070.0"
"2021/08/09","1515.62","-3.48","-0.23","1511.79","1525.56","1506.50","3524.0","314.0","47275.0"
"2021/08/06","1519.10","-11.31","-0.74","1525.18","1529.43","1512.47","3087.0","284.0","47474.0"
"2021/08/05","1530.41","7.77","0.51","1533.02","1548.09","1527.39","4272.0","378.0","47520.0"
"2021/08/04","1522.64","12.64","0.84","1512.07","1528.57","1493.37","5293.0","456.0","47307.0"
"2021/08/03","1510.00","-47.95","-3.08","1576.75","1586.08","1488.43","10401.0","861.0","46899.0"
"2021/08/02","1557.95","-18.22","-1.16","1579.18","1581.17","1550.47","4214.0","392.0","48237.0"
"2021/07/30","1576.17","-57.91","-3.54","1625.06","1626.85","1575.85","5280.0","490.0","48473.0"
"2021/07/29","1634.08","21.51","1.33","1620.55","1642.78","1612.02","4350.0","469.0","49983.0"
"2021/07/28","1612.57","-20.85","-1.28","1628.46","1647.12","1602.72","4450.0","411.0","48891.0"
"2021/07/27","1633.42","-1.89","-0.12","1646.79","1656.01","1631.40","5098.0","488.0","49232.0"
"2021/07/26","1635.31","-40.39","-2.41","1697.29","1718.37","1629.69","11206.0","940.0","49653.0"
"2021/07/23","1675.70","17.38","1.05","1670.89","1684.64","1650.91","8492.0","794.0","50166.0"
"2021/07/22","1658.32","70.18","4.42","1597.21","1671.80","1592.82","17545.0","1721.0","49447.0"
"2021/07/21","1588.14","7.63","0.48","1598.20","1632.95","1582.72","12609.0","1115.0","48805.0"
"2021/07/20","1580.51","12.20","0.78","1556.21","1594.09","1553.64","7711.0","600.0","49271.0"
"2021/07/19","1568.31","-22.55","-1.42","1579.88","1587.97","1565.89","5816.0","467.0","48907.0"
"2021/07/16","1590.86","53.99","3.51","1534.20","1606.63","1529.50","14687.0","1278.0","49445.0"
"2021/07/15","1536.87","18.05","1.19","1519.65","1539.58","1516.33","5152.0","425.0","47986.0"
"2021/07/14","1518.82","-13.10","-0.86","1531.68","1539.32","1516.13","3717.0","357.0","47127.0"
"2021/07/13","1531.92","26.93","1.79","1506.32","1540.86","1503.19","7587.0","664.0","47302.0"
"2021/07/12","1504.99","-32.65","-2.12","1540.50","1559.04","1494.94","7275.0","692.0","46792.0"
"2021/07/09","1537.64","5.96","0.39","1525.98","1539.42","1503.27","4929.0","516.0","47578.0"
"2021/07/08","1531.68","26.34","1.75","1515.69","1542.32","1513.95","4766.0","432.0","48231.0"
"2021/07/07","1505.34","-9.82","-0.65","1517.40","1524.01","1502.88","3202.0","331.0","47967.0"
"2021/07/06","1515.16","-11.57","-0.76","1528.00","1542.02","1512.29","9319.0","796.0","48250.0"
"2021/07/05","1526.73","34.71","2.33","1517.80","1582.10","1515.02","23662.0","1916.0","48522.0"
"2021/07/02","1492.02","83.79","5.95","1408.23","1507.35","1405.49","24124.0","1703.0","47900.0"
"2021/07/01","1408.23","27.35","1.98","1380.88","1429.29","1380.88","6738.0","599.0","47107.0"
"2021/06/30","1380.88","-6.82","-0.49","1395.17","1399.09","1374.00","5791.0","440.0","45992.0"
"2021/06/29","1387.70","57.66","4.34","1343.97","1398.11","1342.35","13084.0","944.0","45986.0"
"2021/06/28","1330.04","-5.50","-0.41","1338.11","1338.85","1323.75","2309.0","175.0","44593.0"
"2021/06/25","1335.54","3.72","0.28","1332.15","1340.28","1328.75","2295.0","187.0","44734.0"
"2021/06/24","1331.82","-4.62","-0.35","1336.73","1344.96","1330.16","2505.0","220.0","44769.0"
"2021/06/23","1336.44","-6.08","-0.45","1344.66","1344.66","1333.53","2446.0","217.0","44784.0"
"2021/06/22","1342.52","-14.33","-1.06","1354.83","1363.71","1341.50","3292.0","215.0","44730.0"
"2021/06/21","1356.85","-15.70","-1.14","1371.81","1373.78","1352.06","2485.0","208.0","45249.0"
"2021/06/18","1372.55","14.24","1.05","1360.17","1378.67","1350.24","3366.0","284.0","45616.0"
"2021/06/17","1358.31","-8.03","-0.59","1361.52","1362.15","1337.38","2369.0","285.0","45422.0"
"2021/06/16","1366.34","-14.07","-1.02","1380.47","1381.57","1362.92","1906.0","187.0","45825.0"
"2021/06/15","1380.41","-18.96","-1.35","1400.33","1404.23","1374.79","2370.0","257.0","46227.0"
"2021/06/14","1399.37","18.62","1.35","1386.72","1407.51","1381.39","3165.0","272.0","46868.0"
"2021/06/11","1380.75","-6.29","-0.45","1387.34","1401.47","1373.52","2560.0","293.0","46231.0"
"2021/06/10","1387.04","20.26","1.48","1367.89","1391.12","1360.30","3567.0","370.0","46545.0"
"2021/06/09","1366.78","3.68","0.27","1364.04","1384.51","1363.86","2119.0","209.0","46026.0"
"2021/06/08","1363.10","-7.17","-0.52","1370.89","1381.68","1356.13","1886.0","172.0","45783.0"
"2021/06/07","1370.27","13.51","1.00","1356.55","1374.71","1351.97","2246.0","183.0","45928.0"
"2021/06/04","1356.76","-7.74","-0.57","1367.99","1367.99","1350.68","2339.0","207.0","45534.0"
"2021/06/03","1364.50","8.88","0.66","1358.09","1369.24","1351.99","2452.0","188.0","45942.0"
"2021/06/02","1355.62","-5.95","-0.44","1361.59","1367.16","1347.39","1890.0","174.0","45935.0"
"2021/06/01","1361.57","5.62","0.41","1357.77","1365.61","1356.84","1306.0","141.0","46422.0"
"2021/05/31","1355.95","17.01","1.27","1340.27","1360.61","1340.27","1902.0","223.0","46239.0"
"2021/05/28","1338.94","4.69","0.35","1334.21","1349.70","1330.89","1484.0","149.0","45519.0"
"2021/05/27","1334.25","-4.25","-0.32","1339.44","1347.88","1319.29","2423.0","245.0","45455.0"
"2021/05/26","1338.50","3.85","0.29","1335.04","1344.72","1332.49","1785.0","162.0","45501.0"
"2021/05/25","1334.65","10.55","0.80","1325.95","1338.63","1321.17","1743.0","182.0","45586.0"
"2021/05/24","1324.10","0.26","0.02","1324.00","1324.72","1305.02","1879.0","185.0","45140.0"
"2021/05/21","1323.84","10.14","0.77","1313.82","1332.92","1309.73","1695.0","236.0","45178.0"
"2021/05/20","1313.70","-0.06","0.00","1308.51","1313.70","1297.35","1766.0","216.0","44561.0"
"2021/05/18","1313.76","20.78","1.61","1293.44","1316.91","1293.44","1926.0","179.0","44526.0"
"2021/05/17","1292.98","6.34","0.49","1290.55","1297.30","1279.05","1852.0","196.0","43785.0"
"2021/05/14","1286.64","-8.11","-0.63","1292.48","1301.29","1285.83","2049.0","228.0","43795.0"
"2021/05/13","1294.75","-4.23","-0.33","1298.98","1306.68","1275.80","2980.0","309.0","44224.0"
"2021/05/12","1298.98","-24.84","-1.88","1317.24","1319.84","1292.71","3500.0","310.0","44295.0"
"2021/05/11","1323.82","-29.86","-2.21","1345.25","1345.30","1316.67","2366.0","243.0","44903.0"
"2021/05/10","1353.68","36.79","2.79","1319.39","1359.13","1312.93","2992.0","431.0","46042.0"
"2021/05/07","1316.89","26.00","2.01","1290.93","1328.36","1289.88","2290.0","238.0","44437.0"
"2021/05/06","1290.89","-7.07","-0.54","1294.63","1301.59","1274.70","2477.0","231.0","43348.0"
"2021/05/04","1297.96","9.86","0.77","1286.75","1297.96","1258.29","3556.0","309.0","43610.0"
"2021/05/03","1288.10","-37.24","-2.81","1328.60","1331.67","1285.70","3141.0","285.0","43511.0"
"2021/04/30","1325.34","-27.46","-2.03","1347.38","1351.43","1317.06","2894.0","345.0","44489.0"
"2021/04/29","1352.80","-3.33","-0.25","1355.96","1371.02","1341.37","2524.0","265.0","45314.0"
"2021/04/28","1356.13","-34.05","-2.45","1387.52","1388.33","1356.13","2459.0","230.0","45305.0"
"2021/04/27","1390.18","-19.81","-1.40","1408.21","1408.54","1385.44","2384.0","207.0","46567.0"
"2021/04/26","1409.99","-2.82","-0.20","1410.12","1421.36","1406.46","2734.0","293.0","47104.0"
"2021/04/23","1412.81","2.62","0.19","1408.75","1418.41","1390.12","2042.0","191.0","47054.0"
"2021/04/22","1410.19","-16.95","-1.19","1424.48","1431.32","1403.93","2630.0","300.0","47144.0"
"2021/04/21","1427.14","-28.90","-1.98","1452.83","1454.57","1423.86","2774.0","296.0","47787.0"
"2021/04/20","1456.04","1.24","0.09","1456.13","1457.91","1446.16","2550.0","241.0","48802.0"
"2021/04/19","1454.80","-13.11","-0.89","1468.16","1475.42","1450.17","3308.0","327.0","48844.0"
"2021/04/16","1467.91","12.02","0.83","1474.17","1476.66","1460.36","4582.0","410.0","49450.0"
"2021/04/15","1455.89","8.76","0.61","1446.62","1461.54","1444.30","3782.0","291.0","49197.0"
"2021/04/14","1447.13","4.37","0.30","1449.21","1458.37","1442.88","4484.0","330.0","49044.0"
"2021/04/13","1442.76","1.54","0.11","1445.54","1446.52","1433.30","4662.0","346.0","48868.0"
"2021/04/12","1441.22","18.89","1.33","1422.33","1441.80","1417.61","7356.0","518.0","48863.0"
"2021/04/09","1422.33","31.07","2.23","1390.86","1431.87","1389.20","12426.0","743.0","48517.0"
"2021/04/08","1391.26","16.06","1.17","1375.96","1395.72","1369.23","5663.0","392.0","47223.0"
"2021/04/07","1375.20","0.73","0.05","1376.50","1382.16","1370.12","4164.0","299.0","46437.0"
"2021/04/06","1374.47","0.79","0.06","1372.29","1379.24","1369.62","2296.0","221.0","46595.0"
"2021/04/05","1373.68","7.75","0.57","1364.65","1374.17","1357.30","2365.0","194.0","46820.0"
"2021/04/02","1365.93","10.05","0.74","1358.76","1374.38","1357.69","2030.0","185.0","46630.0"
"2021/04/01","1355.88","-10.48","-0.77","1370.73","1373.58","1351.07","3177.0","267.0","46183.0"
"2021/03/31","1366.36","12.28","0.91","1356.27","1378.63","1356.27","2207.0","282.0","46407.0"
"2021/03/30","1354.08","28.65","2.16","1325.74","1358.15","1325.67","3096.0","339.0","45618.0"
"2021/03/29","1325.43","-34.90","-2.57","1360.64","1360.69","1322.06","2641.0","444.0","44841.0"
"2021/03/26","1360.33","4.88","0.36","1355.59","1364.04","1348.99","3286.0","374.0","46522.0"
"2021/03/25","1355.45","-7.57","-0.56","1360.40","1362.61","1343.19","2594.0","341.0","46419.0"
"2021/03/24","1363.02","7.14","0.53","1356.36","1364.76","1349.47","2681.0","199.0","47027.0"
"2021/03/23","1355.88","1.47","0.11","1354.77","1373.84","1350.11","5536.0","416.0","46754.0"
"2021/03/22","1354.41","14.15","1.06","1341.53","1354.53","1331.81","5234.0","334.0","46501.0"
"2021/03/19","1340.26","5.87","0.44","1330.85","1346.61","1315.62","2183.0","206.0","46069.0"
"2021/03/18","1334.39","-0.74","-0.06","1335.13","1349.48","1334.39","1445.0","156.0","46126.0"
"2021/03/17","1335.13","1.47","0.11","1334.17","1349.24","1329.63","1648.0","181.0","46253.0"
"2021/03/16","1333.66","19.35","1.47","1315.40","1344.86","1314.62","1848.0","182.0","46457.0"
"2021/03/15","1314.31","2.70","0.21","1311.93","1320.72","1300.86","3266.0","203.0","45637.0"
"2021/03/12","1311.61","23.14","1.80","1289.99","1318.88","1289.99","1747.0","145.0","45629.0"
"2021/03/11","1288.47","16.97","1.33","1272.69","1294.58","1271.68","1922.0","210.0","45021.0"
"2021/03/10","1271.50","-12.85","-1.00","1286.53","1296.35","1266.59","2834.0","202.0","44608.0"
"2021/03/09","1284.35","-12.68","-0.98","1297.11","1300.58","1265.45","2646.0","237.0","44837.0"
"2021/03/08","1297.03","-19.72","-1.50","1319.92","1328.06","1294.18","1778.0","184.0","45158.0"
"2021/03/05","1316.75","-25.34","-1.89","1332.66","1332.69","1301.11","1984.0","231.0","45655.0"
"2021/03/04","1342.09","-14.44","-1.06","1355.18","1355.18","1326.36","1878.0","203.0","46613.0"
"2021/03/03","1356.53","19.71","1.47","1334.23","1357.93","1331.33","1767.0","169.0","47013.0"
"2021/03/02","1336.82","1.01","0.08","1344.33","1368.67","1324.73","2718.0","273.0","46223.0"
"2021/02/26","1335.81","-49.33","-3.56","1372.12","1372.40","1327.12","3121.0","328.0","45952.0"
"2021/02/25","1385.14","30.96","2.29","1354.18","1388.27","1354.18","1370.0","238.0","43447.0"
"2021/02/24","1354.18","-52.45","-3.73","1406.94","1436.25","1352.23","1831.0","290.0","41958.0"
"2021/02/23","1406.63","-12.43","-0.88","1419.91","1426.87","1401.98","1692.0","231.0","42606.0"
"2021/02/22","1419.06","-46.76","-3.19","1466.34","1467.05","1416.42","2798.0","348.0","42922.0"
"2021/02/19","1465.82","-32.98","-2.20","1478.69","1498.81","1443.29","2543.0","230.0","44936.0"
"2021/02/18","1498.80","-7.66","-0.51","1500.36","1506.43","1481.92","1891.0","195.0","45092.0"
"2021/02/17","1506.46","-60.52","-3.86","1548.67","1548.67","1501.41","1897.0","231.0","45489.0"
"2021/02/16","1566.98","39.70","2.60","1521.17","1587.49","1511.05","1784.0","251.0","46491.0"
"2021/02/15","1527.28","-31.75","-2.04","1563.43","1564.08","1523.60","2004.0","261.0","45772.0"
"2021/02/10","1559.03","1.73","0.11","1572.57","1589.22","1532.87","3268.0","369.0","46780.0"
"2021/02/09","1557.30","-63.85","-3.94","1622.08","1622.08","1554.91","1721.0","298.0","46228.0"
"2021/02/08","1621.15","18.45","1.15","1585.97","1632.83","1585.97","1936.0","418.0","47497.0"
"2021/02/05","1602.70","89.03","5.88","1512.42","1602.70","1498.11","1589.0","264.0","46107.0"
"2021/02/04","1513.67","-17.45","-1.14","1531.18","1531.18","1495.99","2506.0","346.0","45103.0"
"2021/02/03","1531.12","20.49","1.36","1518.13","1532.55","1508.05","2745.0","424.0","46795.0"
"2021/02/02","1510.63","27.20","1.83","1485.32","1524.41","1478.05","2937.0","428.0","45866.0"
"2021/02/01","1483.43","48.58","3.39","1442.18","1494.15","1421.64","2467.0","326.0","44789.0"
"2021/01/29","1434.85","-28.44","-1.94","1474.06","1476.37","1421.76","3720.0","453.0","43756.0"
"2021/01/28","1463.29","-2.12","-0.14","1464.54","1515.42","1424.91","3084.0","419.0","44632.0"
"2021/01/27","1465.41","67.20","4.81","1399.20","1465.41","1399.20","2436.0","309.0","44734.0"
"2021/01/26","1398.21","-20.69","-1.46","1416.92","1425.60","1386.75","2820.0","310.0","43491.0"
"2021/01/25","1418.90","25.39","1.82","1396.75","1430.83","1387.28","3680.0","349.0","44748.0"
"2021/01/22","1393.51","38.81","2.86","1354.95","1412.91","1354.95","7264.0","582.0","44134.0"
"2021/01/21","1354.70","-7.86","-0.58","1364.42","1369.71","1352.28","1909.0","194.0","42895.0"
"2021/01/20","1362.56","14.93","1.11","1347.63","1364.00","1343.32","2176.0","229.0","42838.0"
"2021/01/19","1347.63","3.46","0.26","1348.49","1361.05","1341.20","1767.0","219.0","42484.0"
"2021/01/18","1344.17","-6.28","-0.47","1348.64","1358.94","1332.26","2412.0","246.0","42058.0"
"2021/01/15","1350.45","-13.42","-0.98","1363.64","1384.36","1347.00","2839.0","273.0","42386.0"
"2021/01/14","1363.87","2.90","0.21","1360.14","1375.87","1357.39","3545.0","273.0","42836.0"
"2021/01/13","1360.97","3.19","0.23","1359.94","1370.13","1355.39","2718.0","288.0","42787.0"
"2021/01/12","1357.78","-0.67","-0.05","1357.78","1364.86","1329.72","3609.0","400.0","42736.0"
"2021/01/11","1358.45","-14.49","-1.06","1372.85","1392.69","1327.21","5183.0","583.0","43434.0"
"2021/01/08","1372.94","39.41","2.96","1339.15","1375.38","1331.85","3733.0","477.0","44329.0"
"2021/01/07","1333.53","-0.44","-0.03","1336.11","1351.86","1328.56","4020.0","332.0","42724.0"
"2021/01/06","1333.97","-19.91","-1.47","1356.07","1363.55","1328.52","3031.0","367.0","42819.0"
"2021/01/05","1353.88","10.75","0.80","1343.13","1356.12","1322.03","2481.0","289.0","43838.0"
"2021/01/04","1343.13","4.41","0.33","1345.01","1347.87","1324.45","2236.0","304.0","43470.0"
"2020/12/30","1338.72","1.27","0.09","1334.61","1344.81","1332.66","1978.0","271.0","42546.0"
"2020/12/29","1337.45","1.13","0.08","1335.11","1343.57","1319.32","1378.0","239.0","41763.0"
"2020/12/28","1336.32","19.18","1.46","1319.58","1336.32","1302.85","1851.0","227.0","41284.0"
"2020/12/24","1317.14","18.32","1.41","1299.18","1322.05","1297.25","1390.0","180.0","41134.0"
"2020/12/23","1298.82","25.62","2.01","1274.24","1307.84","1273.25","1446.0","223.0","40648.0"
"2020/12/22","1273.20","-30.85","-2.37","1304.66","1304.66","1273.20","1518.0","177.0","39898.0"
"2020/12/21","1304.05","-8.09","-0.62","1311.42","1311.42","1288.58","1424.0","151.0","40380.0"
"2020/12/18","1312.14","-8.20","-0.62","1313.43","1330.68","1311.79","1603.0","177.0","40556.0"
"2020/12/17","1320.34","0.86","0.07","1319.65","1326.33","1303.67","1667.0","166.0","40779.0"
"2020/12/16","1319.48","30.16","2.34","1289.47","1326.11","1289.47","2345.0","202.0","40812.0"
"2020/12/15","1289.32","-13.28","-1.02","1303.62","1313.91","1277.77","1523.0","176.0","40659.0"
"2020/12/14","1302.60","17.98","1.40","1284.54","1322.01","1275.61","1531.0","221.0","40927.0"
"2020/12/11","1284.62","8.07","0.63","1278.94","1291.26","1273.74","1221.0","170.0","41006.0"
"2020/12/10","1276.55","12.02","0.95","1264.07","1283.40","1253.81","1648.0","247.0","40710.0"
"2020/12/09","1264.53","-4.54","-0.36","1273.07","1280.33","1260.46","1342.0","207.0","40576.0"
"2020/12/08","1269.07","3.87","0.31","1265.20","1281.06","1254.37","1641.0","199.0","40538.0"
"2020/12/07","1265.20","6.11","0.49","1257.10","1266.22","1234.56","1998.0","233.0","40538.0"
"2020/12/04","1259.09","-20.06","-1.57","1283.10","1295.32","1250.13","3733.0","375.0","40688.0"
"2020/12/03","1279.15","75.73","6.29","1233.58","1292.70","1231.77","5911.0","671.0","40928.0"
"2020/12/02","1203.42","3.60","0.30","1200.40","1205.65","1193.86","1999.0","226.0","39477.0"
"2020/12/01","1199.82","21.10","1.79","1190.08","1206.18","1188.86","1676.0","260.0","39301.0"
"2020/11/30","1178.72","-13.66","-1.15","1194.63","1195.44","1178.72","2740.0","283.0","38280.0"
"2020/11/27","1192.38","1.15","0.10","1189.25","1203.34","1187.56","2339.0","211.0","38878.0"
"2020/11/26","1191.23","15.29","1.30","1174.65","1191.29","1172.05","1721.0","153.0","38531.0"
"2020/11/25","1175.94","-16.02","-1.34","1193.26","1195.69","1170.71","2853.0","258.0","38135.0"
"2020/11/24","1191.96","-14.97","-1.24","1200.56","1203.10","1185.55","2136.0","208.0","38852.0"
"2020/11/23","1206.93","3.15","0.26","1209.52","1218.29","1202.57","2115.0","224.0","39298.0"
"2020/11/20","1203.78","9.63","0.81","1192.42","1208.30","1189.28","1494.0","164.0","39282.0"
"2020/11/19","1194.15","7.16","0.60","1183.98","1200.25","1170.36","1392.0","184.0","39029.0"
"2020/11/18","1186.99","22.42","1.93","1168.98","1194.89","1164.14","2019.0","194.0","38415.0"
"2020/11/17","1164.57","-1.84","-0.16","1161.00","1164.57","1149.41","1665.0","189.0","37830.0"
"2020/11/16","1166.41","-3.22","-0.28","1170.66","1176.26","1164.20","1499.0","174.0","38050.0"
"2020/11/13","1169.63","5.63","0.48","1165.05","1172.17","1154.54","1460.0","152.0","38283.0"
"2020/11/12","1164.00","0.90","0.08","1166.62","1175.88","1156.28","1790.0","220.0","37909.0"
"2020/11/11","1163.10","4.04","0.35","1152.25","1166.48","1136.84","2125.0","242.0","38281.0"
"2020/11/10","1159.06","-34.44","-2.89","1160.10","1168.08","1154.69","2136.0","264.0","37906.0"
"2020/11/09","1193.50","16.48","1.40","1184.14","1199.84","1180.24","2402.0","198.0","39392.0"
"2020/11/06","1177.02","-9.08","-0.77","1181.30","1187.19","1170.73","1528.0","174.0","39037.0"
"2020/11/05","1186.10","12.49","1.06","1180.99","1197.01","1177.88","1836.0","208.0","39052.0"
"2020/11/04","1173.61","27.06","2.36","1154.55","1181.30","1149.85","1533.0","259.0","38620.0"
"2020/11/03","1146.55","7.78","0.68","1145.69","1154.92","1138.95","1300.0","116.0","37187.0"
"2020/11/02","1138.77","21.02","1.88","1126.38","1149.01","1118.71","1561.0","140.0","36962.0"
"2020/10/30","1117.75","-50.53","-4.33","1159.34","1160.47","1117.75","1519.0","173.0","36312.0"
"2020/10/29","1168.28","3.44","0.30","1149.94","1171.72","1140.29","1668.0","174.0","38041.0"
"2020/10/28","1164.84","24.21","2.12","1139.38","1165.66","1134.85","1600.0","158.0","38011.0"
"2020/10/27","1140.63","1.21","0.11","1134.27","1154.72","1127.93","1567.0","165.0","37093.0"
"2020/10/26","1139.42","-17.27","-1.49","1150.82","1155.90","1135.07","1452.0","135.0","37283.0"
"2020/10/23","1156.69","-8.03","-0.69","1167.04","1167.46","1148.80","1058.0","137.0","37877.0"
"2020/10/22","1164.72","-17.75","-1.50","1172.85","1174.39","1158.72","1494.0","184.0","38304.0"
"2020/10/21","1182.47","-4.72","-0.40","1184.73","1192.67","1170.34","1427.0","193.0","38903.0"
"2020/10/20","1187.19","19.87","1.70","1165.71","1187.19","1154.59","1496.0","231.0","38716.0"
"2020/10/19","1167.32","-4.76","-0.41","1177.70","1187.06","1164.66","1664.0","202.0","37888.0"
"2020/10/16","1172.08","-5.20","-0.44","1177.48","1183.48","1158.50","2011.0","280.0","38096.0"
"2020/10/15","1177.28","-38.17","-3.14","1214.74","1215.17","1173.07","3404.0","395.0","37924.0"
"2020/10/14","1215.45","-15.86","-1.29","1225.02","1230.19","1209.67","2034.0","212.0","39431.0"
"2020/10/13","1231.31","1.03","0.08","1235.55","1238.28","1217.51","1841.0","229.0","39773.0"
"2020/10/12","1230.28","-10.99","-0.89","1245.41","1247.19","1218.58","2110.0","275.0","39743.0"
"2020/10/08","1241.27","-7.29","-0.58","1251.33","1251.33","1230.83","2132.0","335.0","40086.0"
"2020/10/07","1248.56","1.37","0.11","1235.38","1248.88","1230.76","2038.0","296.0","40710.0"
"2020/10/06","1247.19","2.79","0.22","1239.65","1252.07","1228.09","3108.0","317.0","41062.0"
"2020/10/05","1244.40","-6.74","-0.54","1258.28","1258.88","1232.93","1696.0","219.0","41232.0"
"2020/09/29","1251.14","14.40","1.16","1247.20","1251.99","1233.20","1467.0","200.0","41740.0"
"2020/09/28","1236.74","21.67","1.78","1222.93","1240.38","1213.33","1740.0","215.0","41530.0"
"2020/09/25","1215.07","-0.51","-0.04","1225.55","1228.17","1188.27","1788.0","218.0","40821.0"
"2020/09/24","1215.58","-36.27","-2.90","1239.41","1249.00","1204.04","2505.0","293.0","41014.0"
"2020/09/23","1251.85","-2.46","-0.20","1266.04","1266.79","1218.36","2474.0","317.0","42334.0"
"2020/09/22","1254.31","-30.12","-2.35","1294.58","1295.67","1248.45","2276.0","273.0","42458.0"
"2020/09/21","1284.43","-13.34","-1.03","1304.75","1308.99","1279.08","2026.0","233.0","43654.0"
"2020/09/18","1297.77","8.20","0.64","1293.34","1305.38","1282.96","2004.0","272.0","44055.0"
"2020/09/17","1289.57","-19.04","-1.45","1301.13","1305.30","1284.88","1792.0","221.0","43201.0"
"2020/09/16","1308.61","-2.54","-0.19","1316.53","1327.76","1306.20","2267.0","231.0","43931.0"
"2020/09/15","1311.15","6.74","0.52","1299.96","1316.69","1297.97","1859.0","232.0","44108.0"
"2020/09/14","1304.41","-4.47","-0.34","1306.67","1306.70","1282.55","2015.0","250.0","43959.0"
"2020/09/11","1308.88","-15.54","-1.17","1318.24","1327.39","1297.48","3138.0","300.0","43934.0"
"2020/09/10","1324.42","25.86","1.99","1320.43","1326.72","1294.67","2727.0","471.0","44479.0"
"2020/09/09","1298.56","-26.00","-1.96","1315.09","1316.97","1297.43","2274.0","316.0","43656.0"
"2020/09/08","1324.56","-11.54","-0.86","1346.11","1359.70","1321.71","2778.0","326.0","44591.0"
"2020/09/07","1336.10","-8.62","-0.64","1387.28","1400.41","1334.61","3933.0","482.0","44824.0"
"2020/09/04","1344.72","39.27","3.01",,,,,,
"2020/09/03","1305.45","39.49","3.12",,,,,,
"2020/09/02","1265.96","43.09","3.52",,,,,,
"2020/09/01","1222.87","-0.90","-0.07",,,,,,
"2020/08/31","1223.77","19.62","1.63",,,,,,
"2020/08/28","1204.15","0.48","0.04",,,,,,
"2020/08/27","1203.67","17.28","1.46",,,,,,
"2020/08/26","1186.39","-11.52","-0.96",,,,,,
"2020/08/25","1197.91","-3.41","-0.28",,,,,,
"2020/08/24","1201.32","24.64","2.09",,,,,,
"2020/08/21","1176.68","13.23","1.14",,,,,,
"2020/08/20","1163.45","-65.40","-5.32",,,,,,
"2020/08/19","1228.85","26.70","2.22",,,,,,
"2020/08/18","1202.15","-27.87","-2.27",,,,,,
"2020/08/14","1230.02","-23.93","-1.91",,,,,,
"2020/08/13","1253.95","31.93","2.61",,,,,,
"2020/08/12","1222.02","2.62","0.21",,,,,,
"2020/08/11","1219.40","-26.94","-2.16",,,,,,
"2020/08/10","1246.34","-2.59","-0.21",,,,,,
"2020/08/07","1248.93","25.43","2.08",,,,,,
"2020/08/06","1223.50","5.50","0.45",,,,,,
"2020/08/05","1218.00","23.54","1.97",,,,,,
"2020/08/04","1194.46","24.30","2.08",,,,,,
"2020/08/03","1170.16","17.19","1.49",,,,,,
"2020/07/31","1152.97","-1.71","-0.15",,,,,,
"2020/07/30","1154.68","-8.92","-0.77",,,,,,
"2020/07/29","1163.60","14.96","1.30",,,,,,
"2020/07/28","1148.64","11.78","1.04",,,,,,
"2020/07/27","1136.86","0.94","0.08",,,,,,
"2020/07/24","1135.92","-3.14","-0.28",,,,,,
"2020/07/23","1139.06","-21.99","-1.89",,,,,,
"2020/07/22","1161.05","-16.33","-1.39",,,,,,
"2020/07/21","1177.38","-3.01","-0.26",,,,,,
"2020/07/20","1180.39","-6.82","-0.57",,,,,,
"2020/07/17","1187.21","5.42","0.46",,,,,,
"2020/07/16","1181.79","-40.00","-3.27",,,,,,
"2020/07/15","1221.79","-34.69","-2.76",,,,,,
"2020/07/14","1256.48","-9.29","-0.73",,,,,,
"2020/07/13","1265.77","19.62","1.57",,,,,,
"2020/07/10","1246.15","0.28","0.02",,,,,,
"2020/07/09","1245.87","9.83","0.80",,,,,,
"2020/07/08","1236.04","-2.66","-0.21",,,,,,
"2020/07/07","1238.70","12.94","1.06",,,,,,
"2020/07/06","1225.76","60.01","5.15",,,,,,
"2020/07/03","1165.75","-9.77","-0.83",,,,,,
"2020/07/02","1175.52","69.41","6.28",,,,,,
"2020/07/01","1106.11","-25.06","-2.22",,,,,,
"2020/06/30","1131.17","45.55","4.20",,,,,,
"2020/06/29","1085.62","-25.29","-2.28",,,,,,
"2020/06/26","1110.91","3.84","0.35",,,,,,
"2020/06/25","1107.07","-39.05","-3.41",,,,,,
"2020/06/24","1146.12","10.77","0.95",,,,,,
"2020/06/23","1135.35","53.32","4.93",,,,,,
"2020/06/22","1082.03","6.66","0.62",,,,,,
"2020/06/19","1075.37","8.29","0.78",,,,,,
"2020/06/18","1067.08","-15.00","-1.39",,,,,,
"2020/06/17","1082.08","-3.94","-0.36",,,,,,
"2020/06/16","1086.02","65.20","6.39",,,,,,
"2020/06/15","1020.82","-40.12","-3.78",,,,,,
"2020/06/12","1060.94","-10.05","-0.94",,,,,,
"2020/06/11","1070.99","10.60","1.00",,,,,,
"2020/06/10","1060.39","8.36","0.79",,,,,,
"2020/06/09","1052.03","4.09","0.39",,,,,,
"2020/06/08","1047.94","-2.31","-0.22",,,,,,
"2020/06/05","1050.25","8.06","0.77",,,,,,
"2020/06/04","1042.19","-3.31","-0.32",,,,,,
"2020/06/03","1045.50","-2.98","-0.28",,,,,,
"2020/06/02","1048.48","-2.81","-0.27",,,,,,
"2020/06/01","1051.29","22.10","2.15",,,,,,
"2020/05/29","1029.19","-2.27","-0.22",,,,,,
"2020/05/28","1031.46","-27.00","-2.55",,,,,,
"2020/05/27","1058.46","-11.18","-1.05",,,,,,
"2020/05/26","1069.64","5.96","0.56",,,,,,
"2020/05/25","1063.68","21.52","2.06",,,,,,
"2020/05/22","1042.16","-2.54","-0.24",,,,,,
"2020/05/21","1044.70","12.48","1.21",,,,,,
"2020/05/20","1032.22","20.72","2.05",,,,,,
"2020/05/19","1011.50","0.51","0.05",,,,,,
"2020/05/18","1010.99","-15.50","-1.51",,,,,,
"2020/05/15","1026.49","-7.79","-0.75",,,,,,
"2020/05/14","1034.28","-9.67","-0.93",,,,,,
"2020/05/13","1043.95","-20.46","-1.92",,,,,,
"2020/05/12","1064.41","45.92","4.51",,,,,,
"2020/05/11","1018.49","21.61","2.17",,,,,,
"2020/05/08","996.88","29.22","3.02",,,,,,
"2020/05/07","967.66","15.29","1.61",,,,,,
"2020/05/06","952.37","29.06","3.15",,,,,,
"2020/05/04","923.31","-17.35","-1.84",,,,,,
"2020/04/29","940.66","-8.37","-0.88",,,,,,
"2020/04/28","949.03","11.82","1.26",,,,,,
"2020/04/27","937.21","1.40","0.15",,,,,,
"2020/04/24","935.81","-14.18","-1.49",,,,,,
"2020/04/23","949.99","7.10","0.75",,,,,,
"2020/04/22","942.89","18.34","1.98",,,,,,
"2020/04/21","924.55","-10.38","-1.11",,,,,,
"2020/04/20","934.93","-18.12","-1.90",,,,,,
"2020/04/17","953.05","16.42","1.75",,,,,,
"2020/04/16","936.63","13.44","1.46",,,,,,
"2020/04/14","923.19","17.21","1.90",,,,,,
"2020/04/13","905.98","-14.39","-1.56",,,,,,
"2020/04/10","920.37","-6.63","-0.72",,,,,,
"2020/04/09","927.00","-1.93","-0.21",,,,,,
"2020/04/08","928.93","-11.50","-1.22",,,,,,
"2020/04/07","940.43","0.74","0.08",,,,,,
"2020/04/06","939.69","27.00","2.96",,,,,,
"2020/04/03","912.69","-4.70","-0.51",,,,,,
"2020/04/02","917.39","50.02","5.77",,,,,,
"2020/04/01","867.37","-11.27","-1.28",,,,,,
"2020/03/31","878.64","21.50","2.51",,,,,,
"2020/03/30","857.14","9.66","1.14",,,,,,
"2020/03/27","847.48","8.65","1.03",,,,,,
"2020/03/26","838.83","-20.00","-2.33",,,,,,
"2020/03/25","858.83","13.45","1.59",,,,,,
"2020/03/24","845.38","61.33","7.82",,,,,,
"2020/03/23","784.05","-29.79","-3.66",,,,,,
"2020/03/20","813.84","44.65","5.80",,,,,,
"2020/03/19","769.19","-36.67","-4.55",,,,,,
"2020/03/18","805.86","-32.49","-3.88",,,,,,
"2020/03/17","838.35","19.38","2.37",,,,,,
"2020/03/16","818.97","-24.49","-2.90",,,,,,
"2020/03/13","843.46","5.21","0.62",,,,,,
"2020/03/12","838.25","-34.95","-4.00",,,,,,
"2020/03/11","873.20","-27.23","-3.02",,,,,,
"2020/03/10","900.43","15.68","1.77",,,,,,
"2020/03/09","884.75","-40.69","-4.40",,,,,,
"2020/03/06","925.44","-15.23","-1.62",,,,,,
"2020/03/05","940.67","5.47","0.58",,,,,,
"2020/03/04","935.20","39.76","4.44",,,,,,
"2020/03/03","895.44","2.98","0.33",,,,,,
"2020/03/02","892.46","9.75","1.10",,,,,,
"2020/02/28","882.71","-18.43","-2.05",,,,,,
"2020/02/27","901.14","-17.17","-1.87",,,,,,
"2020/02/26","918.31","-0.94","-0.10",,,,,,
"2020/02/25","919.25","15.06","1.67",,,,,,
"2020/02/24","904.19","-14.54","-1.58",,,,,,
"2020/02/21","918.73","-8.07","-0.87",,,,,,
"2020/02/20","926.80","-12.62","-1.34",,,,,,
"2020/02/19","939.42","21.36","2.33",,,,,,
"2020/02/18","918.06","-4.85","-0.53",,,,,,
"2020/02/17","922.91","-4.84","-0.52",,,,,,
"2020/02/14","927.75","5.60","0.61",,,,,,
"2020/02/13","922.15","-11.41","-1.22",,,,,,
"2020/02/12","933.56","-0.68","-0.07",,,,,,
"2020/02/11","934.24","4.23","0.45",,,,,,
"2020/02/10","930.01","-8.05","-0.86",,,,,,
"2020/02/07","938.06","-2.40","-0.26",,,,,,
"2020/02/06","940.46","25.49","2.79",,,,,,
"2020/02/05","914.97","-7.85","-0.85",,,,,,
"2020/02/04","922.82","16.68","1.84",,,,,,
"2020/02/03","906.14","5.37","0.60",,,,,,
"2020/01/31","900.77","-12.78","-1.40",,,,,,
"2020/01/30","913.55","-8.98","-0.97",,,,,,
"2020/01/29","922.53","3.78","0.41",,,,,,
"2020/01/28","918.75","-29.53","-3.11",,,,,,
"2020/01/23","948.28","19.51","2.10",,,,,,
"2020/01/22","928.77","10.30","1.12",,,,,,
"2020/01/21","918.47","-5.19","-0.56",,,,,,
"2020/01/20","923.66","-19.25","-2.04",,,,,,
"2020/01/17","942.91","-4.22","-0.45",,,,,,
"2020/01/16","947.13","-0.48","-0.05",,,,,,
"2020/01/15","947.61","0.12","0.01",,,,,,
"2020/01/14","947.49","4.89","0.52",,,,,,
"2020/01/13","942.60","33.51","3.69",,,,,,
"2020/01/10","909.09","15.20","1.70",,,,,,
"2020/01/09","893.89","17.65","2.01",,,,,,
"2020/01/08","876.24","-2.21","-0.25",,,,,,
"2020/01/07","878.45","12.73","1.47",,,,,,
"2020/01/06","865.72","-13.27","-1.51",,,,,,
"2020/01/03","878.99","14.42","1.67",,,,,,
"2020/01/02","864.57","-11.86","-1.35",,,,,,
"2019/12/30","876.43","4.39","0.50",,,,,,
"2019/12/27","872.04","0.00","0.00",,,,,,
"2019/12/26","872.04","7.71","0.89",,,,,,
"2019/12/24","864.33","-7.05","-0.81",,,,,,
"2019/12/23","871.38","7.84","0.91",,,,,,
"2019/12/20","863.54","0.76","0.09",,,,,,
"2019/12/19","862.78","-3.69","-0.43",,,,,,
"2019/12/18","866.47","-7.42","-0.85",,,,,,
"2019/12/17","873.89","1.96","0.22",,,,,,
"2019/12/16","871.93","-5.55","-0.63",,,,,,
"2019/12/13","877.48","5.69","0.65",,,,,,
"2019/12/12","871.79","8.47","0.98",,,,,,
"2019/12/11","863.32","1.82","0.21",,,,,,
"2019/12/10","861.50","-0.40","-0.05",,,,,,
"2019/12/09","861.90","-7.39","-0.85",,,,,,
"2019/12/06","869.29","22.37","2.64",,,,,,
"2019/12/05","846.92","-4.72","-0.55",,,,,,
"2019/12/04","851.64","8.99","1.07",,,,,,
"2019/12/03","842.65","-2.99","-0.35",,,,,,
"2019/12/02","845.64","4.08","0.48",,,,,,
"2019/11/29","841.56","-0.43","-0.05",,,,,,
"2019/11/28","841.99","-6.56","-0.77",,,,,,
"2019/11/27","848.55","-1.45","-0.17",,,,,,
"2019/11/26","850.00","-4.10","-0.48",,,,,,
"2019/11/25","854.10","10.79","1.28",,,,,,
"2019/11/22","843.31","2.18","0.26",,,,,,
"2019/11/21","841.13","-16.84","-1.96",,,,,,
"2019/11/20","857.97","-13.65","-1.57",,,,,,
"2019/11/19","871.62","-9.28","-1.05",,,,,,
"2019/11/18","880.90","-4.32","-0.49",,,,,,
"2019/11/15","885.22","13.44","1.54",,,,,,
"2019/11/14","871.78","-7.14","-0.81",,,,,,
"2019/11/13","878.92","-16.32","-1.82",,,,,,
"2019/11/12","895.24","15.86","1.80",,,,,,
"2019/11/11","879.38","-7.47","-0.84",,,,,,
"2019/11/08","886.85","6.02","0.68",,,,,,
"2019/11/07","880.83","-13.18","-1.47",,,,,,
"2019/11/06","894.01","-1.63","-0.18",,,,,,
"2019/11/05","895.64","-3.23","-0.36",,,,,,
"2019/11/04","898.87","5.33","0.60",,,,,,
"2019/11/01","893.54","12.46","1.41",,,,,,
"2019/10/31","881.08","3.04","0.35",,,,,,
"2019/10/30","878.04","12.68","1.47",,,,,,
"2019/10/29","865.36","-2.62","-0.30",,,,,,
"2019/10/28","867.98","-8.41","-0.96",,,,,,
"2019/10/25","876.39","2.89","0.33",,,,,,
"2019/10/24","873.50","3.21","0.37",,,,,,
"2019/10/23","870.29","-7.95","-0.91",,,,,,
"2019/10/22","878.24","1.99","0.23",,,,,,
"2019/10/21","876.25","8.79","1.01",,,,,,
"2019/10/18","867.46","-5.49","-0.63",,,,,,
"2019/10/17","872.95","13.47","1.57",,,,,,
"2019/10/16","859.48","-7.70","-0.89",,,,,,
"2019/10/15","867.18","-3.35","-0.38",,,,,,
"2019/10/14","870.53","-1.68","-0.19",,,,,,
"2019/10/11","872.21","-11.41","-1.29",,,,,,
"2019/10/10","883.62","-1.14","-0.13",,,,,,
"2019/10/08","884.76","15.39","1.77",,,,,,
"2019/10/07","869.37","5.61","0.65",,,,,,
"2019/10/04","863.76","-18.84","-2.13",,,,,,
"2019/10/02","882.60","-10.24","-1.15",,,,,,
"2019/10/01","892.84","13.14","1.49",,,,,,
"2019/09/30","879.70","-1.24","-0.14",,,,,,
"2019/09/27","880.94","-6.27","-0.71",,,,,,
"2019/09/26","887.21","5.44","0.62",,,,,,
"2019/09/25","881.77","-12.16","-1.36",,,,,,
"2019/09/24","893.93","3.70","0.42",,,,,,
"2019/09/23","890.23","3.13","0.35",,,,,,
"2019/09/20","887.10","2.04","0.23",,,,,,
"2019/09/19","885.06","-3.58","-0.40",,,,,,
"2019/09/18","888.64","1.60","0.18",,,,,,
"2019/09/17","887.04","-2.63","-0.30",,,,,,
"2019/09/16","889.67","-9.68","-1.08",,,,,,
"2019/09/11","899.35","2.28","0.25",,,,,,
"2019/09/10","897.07","-2.78","-0.31",,,,,,
"2019/09/09","899.85","5.36","0.60",,,,,,
"2019/09/06","894.49","-4.81","-0.53",,,,,,
"2019/09/05","899.30","-3.20","-0.35",,,,,,
"2019/09/04","902.50","12.80","1.44",,,,,,
"2019/09/03","889.70","-1.85","-0.21",,,,,,
"2019/09/02","891.55","9.45","1.07",,,,,,
"2019/08/30","882.10","14.29","1.65",,,,,,
"2019/08/29","867.81","3.99","0.46",,,,,,
"2019/08/28","863.82","10.62","1.24",,,,,,
"2019/08/27","853.20","10.37","1.23",,,,,,
"2019/08/26","842.83","-20.58","-2.38",,,,,,
"2019/08/23","863.41","3.12","0.36",,,,,,
"2019/08/22","860.29","4.36","0.51",,,,,,
"2019/08/21","855.93","4.29","0.50",,,,,,
"2019/08/20","851.64","21.57","2.60",,,,,,
"2019/08/19","830.07","13.55","1.66",,,,,,
"2019/08/16","816.52","-17.56","-2.11",,,,,,
"2019/08/14","834.08","13.57","1.65",,,,,,
"2019/08/13","820.51","-14.53","-1.74",,,,,,
"2019/08/12","835.04","1.99","0.24",,,,,,
"2019/08/09","833.05","5.11","0.62",,,,,,
"2019/08/08","827.94","27.60","3.45",,,,,,
"2019/08/07","800.34","7.21","0.91",,,,,,
"2019/08/06","793.13","-14.75","-1.83",,,,,,
"2019/08/05","807.88","-25.24","-3.03",,,,,,
"2019/08/02","833.12","11.41","1.39",,,,,,
"2019/08/01","821.71","8.87","1.09",,,,,,
"2019/07/31","812.84","5.24","0.65",,,,,,
"2019/07/30","807.60","2.47","0.31",,,,,,
"2019/07/29","805.13","-19.43","-2.36",,,,,,
"2019/07/26","824.56","-3.10","-0.37",,,,,,
"2019/07/25","827.66","-3.67","-0.44",,,,,,
"2019/07/24","831.33","-7.61","-0.91",,,,,,
"2019/07/23","838.94","-4.72","-0.56",,,,,,
"2019/07/22","843.66","-7.95","-0.93",,,,,,
"2019/07/19","851.61","3.51","0.41",,,,,,
"2019/07/18","848.10","2.44","0.29",,,,,,
"2019/07/17","845.66","-10.56","-1.23",,,,,,
"2019/07/16","856.22","-4.24","-0.49",,,,,,
"2019/07/15","860.46","-12.70","-1.45",,,,,,
"2019/07/12","873.16","0.26","0.03",,,,,,
"2019/07/11","872.90","-0.34","-0.04",,,,,,
"2019/07/10","873.24","-5.32","-0.61",,,,,,
"2019/07/09","878.56","10.13","1.17",,,,,,
"2019/07/08","868.43","-11.56","-1.31",,,,,,
"2019/07/05","879.99","8.71","1.00",,,,,,
"2019/07/04","871.28","-6.00","-0.68",,,,,,
"2019/07/03","877.28","-7.70","-0.87",,,,,,
"2019/07/02","884.98","-2.96","-0.33",,,,,,
"2019/07/01","887.94","-43.23","-4.64",,,,,,
"2019/06/28","931.17","-20.85","-2.19",,,,,,
"2019/06/27","952.02","5.29","0.56",,,,,,
"2019/06/26","946.73","-8.16","-0.85",,,,,,
"2019/06/25","954.89","-29.11","-2.96",,,,,,
"2019/06/24","984.00","-1.09","-0.11",,,,,,
"2019/06/21","985.09","-2.70","-0.27",,,,,,
"2019/06/20","987.79","13.58","1.39",,,,,,
"2019/06/19","974.21","4.17","0.43",,,,,,
"2019/06/18","970.04","-1.95","-0.20",,,,,,
"2019/06/17","971.99","0.05","0.01",,,,,,
"2019/06/14","971.94","8.21","0.85",,,,,,
"2019/06/13","963.73","12.85","1.35",,,,,,
"2019/06/12","950.88","6.89","0.73",,,,,,
"2019/06/11","943.99","-7.25","-0.76",,,,,,
"2019/06/10","951.24","26.35","2.85",,,,,,
"2019/06/07","924.89","-0.64","-0.07",,,,,,
"2019/06/05","925.53","8.37","0.91",,,,,,
"2019/06/04","917.16","-7.64","-0.83",,,,,,
"2019/06/03","924.80","5.46","0.59",,,,,,
"2019/05/31","919.34","5.10","0.56",,,,,,
"2019/05/30","914.24","7.92","0.87",,,,,,
"2019/05/29","906.32","-10.25","-1.12",,,,,,
"2019/05/28","916.57","11.80","1.30",,,,,,
"2019/05/27","904.77","-8.49","-0.93",,,,,,
"2019/05/24","913.26","-9.86","-1.07",,,,,,
"2019/05/23","923.12","-11.69","-1.25",,,,,,
"2019/05/22","934.81","9.06","0.98",,,,,,
"2019/05/21","925.75","12.63","1.38",,,,,,
"2019/05/20","913.12","-17.24","-1.85",,,,,,
"2019/05/17","930.36","-6.20","-0.66",,,,,,
"2019/05/16","936.56","1.91","0.20",,,,,,
"2019/05/15","934.65","-2.35","-0.25",,,,,,
"2019/05/14","937.00","-23.82","-2.48",,,,,,
"2019/05/13","960.82","13.45","1.42",,,,,,
"2019/05/10","947.37","26.16","2.84",,,,,,
"2019/05/09","921.21","-28.48","-3.00",,,,,,
"2019/05/08","949.69","21.90","2.36",,,,,,
"2019/05/07","927.79","-13.34","-1.42",,,,,,
"2019/05/03","941.13","-7.13","-0.75",,,,,,
"2019/05/02","948.26","-14.17","-1.47",,,,,,
"2019/04/30","962.43","17.91","1.90",,,,,,
"2019/04/29","944.52","7.64","0.82",,,,,,
"2019/04/26","936.88","-1.13","-0.12",,,,,,
"2019/04/25","938.01","-8.27","-0.87",,,,,,
"2019/04/24","946.28","1.13","0.12",,,,,,
"2019/04/23","945.15","-9.73","-1.02",,,,,,
"2019/04/22","954.88","-3.82","-0.40",,,,,,
"2019/04/19","958.70","-5.15","-0.53",,,,,,
"2019/04/18","963.85","-15.80","-1.61",,,,,,
"2019/04/17","979.65","-2.56","-0.26",,,,,,
"2019/04/16","982.21","2.22","0.23",,,,,,
"2019/04/15","979.99","-0.47","-0.05",,,,,,
"2019/04/12","980.46","9.57","0.99",,,,,,
"2019/04/11","970.89","11.90","1.24",,,,,,
"2019/04/10","958.99","10.73","1.13",,,,,,
"2019/04/09","948.26","-1.86","-0.20",,,,,,
"2019/04/08","950.12","-6.78","-0.71",,,,,,
"2019/04/05","956.90","0.67","0.07",,,,,,
"2019/04/04","956.23","0.72","0.08",,,,,,
"2019/04/03","955.51","29.37","3.17",,,,,,
"2019/04/02","926.14","-0.02","0.00",,,,,,
"2019/04/01","926.16","-8.32","-0.89",,,,,,
"2019/03/29","934.48","-2.08","-0.22",,,,,,
"2019/03/28","936.56","31.69","3.50",,,,,,
"2019/03/27","904.87","-0.74","-0.08",,,,,,
"2019/03/26","905.61","20.72","2.34",,,,,,
"2019/03/25","884.89","-8.95","-1.00",,,,,,
"2019/03/22","893.84","4.88","0.55",,,,,,
"2019/03/21","888.96","-12.90","-1.43",,,,,,
"2019/03/20","901.86","-1.77","-0.20",,,,,,
"2019/03/19","903.63","-21.16","-2.29",,,,,,
"2019/03/18","924.79","5.98","0.65",,,,,,
"2019/03/15","918.81","19.30","2.15",,,,,,
"2019/03/14","899.51","-5.01","-0.55",,,,,,
"2019/03/13","904.52","-5.57","-0.61",,,,,,
"2019/03/12","910.09","5.15","0.57",,,,,,
"2019/03/11","904.94","20.51","2.32",,,,,,
"2019/03/08","884.43","-1.03","-0.12",,,,,,
"2019/03/07","885.46","-7.52","-0.84",,,,,,
"2019/03/06","892.98","4.64","0.52",,,,,,
"2019/03/05","888.34","-7.01","-0.78",,,,,,
"2019/03/04","895.35","-26.63","-2.89",,,,,,
"2019/02/28","921.98","-13.39","-1.43",,,,,,
"2019/02/27","935.37","3.97","0.43",,,,,,
"2019/02/26","931.40","12.87","1.40",,,,,,
"2019/02/25","918.53","11.65","1.28",,,,,,
"2019/02/22","906.88","-7.21","-0.79",,,,,,
"2019/02/21","914.09","4.95","0.54",,,,,,
"2019/02/20","909.14","-3.00","-0.33",,,,,,
"2019/02/19","912.14","-3.78","-0.41",,,,,,
"2019/02/18","915.92","5.28","0.58",,,,,,
"2019/02/15","910.64","-26.39","-2.82",,,,,,
"2019/02/14","937.03","17.37","1.89",,,,,,
"2019/02/13","919.66","19.81","2.20",,,,,,
"2019/02/12","899.85","-18.95","-2.06",,,,,,
"2019/02/11","918.80","-10.14","-1.09",,,,,,
"2019/02/08","928.94","21.29","2.35",,,,,,
"2019/02/07","907.65","5.52","0.61",,,,,,
"2019/02/01","902.13","8.51","0.95",,,,,,
"2019/01/31","893.62","-5.14","-0.57",,,,,,
"2019/01/30","898.76","1.84","0.21",,,,,,
"2019/01/29","896.92","-4.00","-0.44",,,,,,
"2019/01/28","900.92","-0.16","-0.02",,,,,,
"2019/01/25","901.08","15.59","1.76",,,,,,
"2019/01/24","885.49","-7.40","-0.83",,,,,,
"2019/01/23","892.89","-6.06","-0.67",,,,,,
"2019/01/22","898.95","7.41","0.83",,,,,,
"2019/01/21","891.54","-11.01","-1.22",,,,,,
"2019/01/18","902.55","9.92","1.11",,,,,,
"2019/01/17","892.63","-1.07","-0.12",,,,,,
"2019/01/16","893.70","-11.37","-1.26",,,,,,
"2019/01/15","905.07","-7.06","-0.77",,,,,,
"2019/01/14","912.13","-20.45","-2.19",,,,,,
"2019/01/11","932.58","9.06","0.98",,,,,,
"2019/01/10","923.52","-6.51","-0.70",,,,,,
"2019/01/09","930.03","21.89","2.41",,,,,,
"2019/01/08","908.14","-13.04","-1.42",,,,,,
"2019/01/07","921.18","17.15","1.90",,,,,,
"2019/01/04","904.03","16.59","1.87",,,,,,
"2019/01/03","887.44","-14.66","-1.63",,,,,,
"2019/01/02","902.10","-16.97","-1.85",,,,,,
"2018/12/28","919.07","-10.19","-1.10",,,,,,
"2018/12/27","929.26","12.93","1.41",,,,,,
"2018/12/26","916.33","-14.50","-1.56",,,,,,
"2018/12/24","930.83","3.66","0.39",,,,,,
"2018/12/21","927.17","38.62","4.35",,,,,,
"2018/12/20","888.55","-9.14","-1.02",,,,,,
"2018/12/19","897.69","21.99","2.51",,,,,,
"2018/12/18","875.70","-1.07","-0.12",,,,,,
"2018/12/17","876.77","-11.28","-1.27",,,,,,
"2018/12/14","888.05","-28.54","-3.11",,,,,,
"2018/12/13","916.59","18.02","2.01",,,,,,
"2018/12/12","898.57","19.48","2.22",,,,,,
"2018/12/11","879.09","-6.25","-0.71",,,,,,
"2018/12/10","885.34","-29.61","-3.24",,,,,,
"2018/12/07","914.95","5.23","0.57",,,,,,
"2018/12/06","909.72","-40.94","-4.31",,,,,,
"2018/12/05","950.66","-2.36","-0.25",,,,,,
"2018/12/04","953.02","-9.20","-0.96",,,,,,
"2018/12/03","962.22","-12.25","-1.26",,,,,,
"2018/11/30","974.47","-5.96","-0.61",,,,,,
"2018/11/29","980.43","5.71","0.59",,,,,,
"2018/11/28","974.72","22.70","2.38",,,,,,
"2018/11/27","952.02","5.88","0.62",,,,,,
"2018/11/26","946.14","26.78","2.91",,,,,,
"2018/11/23","919.36","-0.81","-0.09",,,,,,
"2018/11/22","920.17","2.96","0.32",,,,,,
"2018/11/21","917.21","-10.16","-1.10",,,,,,
"2018/11/20","927.37","4.80","0.52",,,,,,
"2018/11/19","922.57","8.32","0.91",,,,,,
"2018/11/16","914.25","-7.43","-0.81",,,,,,
"2018/11/15","921.68","17.24","1.91",,,,,,
"2018/11/14","904.44","10.36","1.16",,,,,,
"2018/11/13","894.08","-0.38","-0.04",,,,,,
"2018/11/12","894.46","-7.67","-0.85",,,,,,
"2018/11/09","902.13","9.91","1.11",,,,,,
"2018/11/08","892.22","5.16","0.58",,,,,,
"2018/11/07","887.06","-19.28","-2.13",,,,,,
"2018/11/06","906.34","-2.41","-0.27",,,,,,
"2018/11/05","908.75","6.09","0.67",,,,,,
"2018/11/02","902.66","34.17","3.93",,,,,,
"2018/11/01","868.49","-10.30","-1.17",,,,,,
"2018/10/31","878.79","18.13","2.11",,,,,,
"2018/10/30","860.66","40.53","4.94",,,,,,
"2018/10/29","820.13","-32.81","-3.85",,,,,,
"2018/10/26","852.94","-44.31","-4.94",,,,,,
"2018/10/25","897.25","1.50","0.17",,,,,,
"2018/10/24","895.75","-17.56","-1.92",,,,,,
"2018/10/23","913.31","-6.16","-0.67",,,,,,
"2018/10/22","919.47","8.20","0.90",,,,,,
"2018/10/19","911.27","13.09","1.46",,,,,,
"2018/10/18","898.18","3.99","0.45",,,,,,
"2018/10/17","894.19","-3.08","-0.34",,,,,,
"2018/10/16","897.27","11.05","1.25",,,,,,
"2018/10/15","886.22","-25.08","-2.75",,,,,,
"2018/10/12","911.30","13.42","1.49",,,,,,
"2018/10/11","897.88","-30.07","-3.24",,,,,,
"2018/10/10","927.95","-10.45","-1.11",,,,,,
"2018/10/08","938.40","16.49","1.79",,,,,,
"2018/10/05","921.91","-14.27","-1.52",,,,,,
"2018/10/04","936.18","-1.35","-0.14",,,,,,
"2018/10/02","937.53","-8.46","-0.89",,,,,,
"2018/10/01","945.99","7.66","0.82",,,,,,
"2018/09/28","938.33","-7.52","-0.80",,,,,,
"2018/09/27","945.85","-19.01","-1.97",,,,,,
"2018/09/21","964.86","13.19","1.39",,,,,,
"2018/09/20","951.67","11.71","1.25",,,,,,
"2018/09/19","939.96","10.16","1.09",,,,,,
"2018/09/18","929.80","-3.61","-0.39",,,,,,
"2018/09/17","933.41","-4.03","-0.43",,,,,,
"2018/09/14","937.44","-17.84","-1.87",,,,,,
"2018/09/13","955.28","3.36","0.35",,,,,,
"2018/09/12","951.92","-3.81","-0.40",,,,,,
"2018/09/11","955.73","1.85","0.19",,,,,,
"2018/09/10","953.88","11.79","1.25",,,,,,
"2018/09/07","942.09","12.93","1.39",,,,,,
"2018/09/06","929.16","0.29","0.03",,,,,,
"2018/09/05","928.87","-22.96","-2.41",,,,,,
"2018/09/04","951.83","15.57","1.66",,,,,,
"2018/09/03","936.26","-17.76","-1.86",,,,,,
"2018/08/31","954.02","-8.17","-0.85",,,,,,
"2018/08/30","962.19","-1.75","-0.18",,,,,,
"2018/08/29","963.94","8.18","0.86",,,,,,
"2018/08/28","955.76","-10.38","-1.07",,,,,,
"2018/08/27","966.14","5.64","0.59",,,,,,
"2018/08/24","960.50","8.77","0.92",,,,,,
"2018/08/23","951.73","20.77","2.23",,,,,,
"2018/08/22","930.96","-10.81","-1.15",,,,,,
"2018/08/21","941.77","30.60","3.36",,,,,,
"2018/08/20","911.17","-11.13","-1.21",,,,,,
"2018/08/17","922.30","9.04","0.99",,,,,,
"2018/08/16","913.26","-31.53","-3.34",,,,,,
"2018/08/14","944.79","35.55","3.91",,,,,,
"2018/08/13","909.24","-22.30","-2.39",,,,,,
"2018/08/10","931.54","13.18","1.44",,,,,,
"2018/08/09","918.36","-19.07","-2.03",,,,,,
"2018/08/08","937.43","-12.63","-1.33",,,,,,
"2018/08/07","950.06","-8.57","-0.89",,,,,,
"2018/08/06","958.63","-7.09","-0.73",,,,,,
"2018/08/03","965.72","8.24","0.86",,,,,,
"2018/08/02","957.48","-5.16","-0.54",,,,,,
"2018/08/01","962.64","4.88","0.51",,,,,,
"2018/07/31","957.76","1.54","0.16",,,,,,
"2018/07/30","956.22","-18.66","-1.91",,,,,,
"2018/07/27","974.88","-11.55","-1.17",,,,,,
"2018/07/26","986.43","11.52","1.18",,,,,,
"2018/07/25","974.91","-2.31","-0.24",,,,,,
"2018/07/24","977.22","1.72","0.18",,,,,,
"2018/07/23","975.50","-6.27","-0.64",,,,,,
"2018/07/20","981.77","-3.99","-0.40",,,,,,
"2018/07/19","985.76","-14.45","-1.44",,,,,,
"2018/07/18","1000.21","-3.78","-0.38",,,,,,
"2018/07/17","1003.99","-7.60","-0.75",,,,,,
"2018/07/16","1011.59","-28.94","-2.78",,,,,,
"2018/07/13","1040.53","-7.16","-0.68",,,,,,
"2018/07/12","1047.69","36.05","3.56",,,,,,
"2018/07/11","1011.64","-7.91","-0.78",,,,,,
"2018/07/10","1019.55","14.41","1.43",,,,,,
"2018/07/09","1005.14","23.55","2.40",,,,,,
"2018/07/06","981.59","6.44","0.66",,,,,,
"2018/07/05","975.15","-9.58","-0.97",,,,,,
"2018/07/04","984.73","12.39","1.27",,,,,,
"2018/07/03","972.34","6.24","0.65",,,,,,
"2018/07/02","966.10","-21.53","-2.18",,,,,,
"2018/06/29","987.63","15.62","1.61",,,,,,
"2018/06/28","972.01","-29.84","-2.98",,,,,,
"2018/06/27","1001.85","6.70","0.67",,,,,,
"2018/06/26","995.15","-1.31","-0.13",,,,,,
"2018/06/25","996.46","-2.23","-0.22",,,,,,
"2018/06/22","998.69","34.10","3.54",,,,,,
"2018/06/21","964.59","4.78","0.50",,,,,,
"2018/06/20","959.81","2.50","0.26",,,,,,
"2018/06/19","957.31","0.28","0.03",,,,,,
"2018/06/18","957.03","-21.34","-2.18",,,,,,
"2018/06/15","978.37","-5.71","-0.58",,,,,,
"2018/06/14","984.08","1.82","0.19",,,,,,
"2018/06/12","982.26","4.32","0.44",,,,,,
"2018/06/11","977.94","-10.67","-1.08",,,,,,
"2018/06/08","988.61","0.77","0.08",,,,,,
"2018/06/07","987.84","10.89","1.11",,,,,,
"2018/06/05","976.95","-23.92","-2.39",,,,,,
"2018/06/04","1000.87","3.50","0.35",,,,,,
"2018/06/01","997.37","-10.45","-1.04",,,,,,
"2018/05/31","1007.82","-4.17","-0.41",,,,,,
"2018/05/30","1011.99","2.62","0.26",,,,,,
"2018/05/29","1009.37","0.94","0.09",,,,,,
"2018/05/28","1008.43","-14.00","-1.37",,,,,,
"2018/05/25","1022.43","10.46","1.03",,,,,,
"2018/05/24","1011.97","11.31","1.13",,,,,,
"2018/05/23","1000.66","8.31","0.84",,,,,,
"2018/05/21","992.35","0.46","0.05",,,,,,
"2018/05/18","991.89","4.23","0.43",,,,,,
"2018/05/17","987.66","-3.20","-0.32",,,,,,
"2018/05/16","990.86","8.80","0.90",,,,,,
"2018/05/15","982.06","17.72","1.84",,,,,,
"2018/05/14","964.34","-1.73","-0.18",,,,,,
"2018/05/11","966.07","-26.85","-2.70",,,,,,
"2018/05/10","992.92","12.04","1.23",,,,,,
"2018/05/09","980.88","23.55","2.46",,,,,,
"2018/05/08","957.33","-27.11","-2.75",,,,,,
"2018/05/04","984.44","-21.48","-2.14",,,,,,
"2018/05/03","1005.92","-6.66","-0.66",,,,,,
"2018/05/02","1012.58","-11.86","-1.16",,,,,,
"2018/04/30","1024.44","10.79","1.06",,,,,,
"2018/04/27","1013.65","22.54","2.27",,,,,,
"2018/04/26","991.11","2.45","0.25",,,,,,
"2018/04/25","988.66","-6.34","-0.64",,,,,,
"2018/04/24","995.00","2.42","0.24",,,,,,
"2018/04/23","992.58","-6.58","-0.66",,,,,,
"2018/04/20","999.16","-1.58","-0.16",,,,,,
"2018/04/19","1000.74","-20.42","-2.00",,,,,,
"2018/04/18","1021.16","10.01","0.99",,,,,,
"2018/04/17","1011.15","1.72","0.17",,,,,,
"2018/04/16","1009.43","-25.63","-2.48",,,,,,
"2018/04/13","1035.06","4.40","0.43",,,,,,
"2018/04/12","1030.66","-8.60","-0.83",,,,,,
"2018/04/11","1039.26","11.36","1.11",,,,,,
"2018/04/10","1027.90","-19.01","-1.82",,,,,,
"2018/04/09","1046.91","0.86","0.08",,,,,,
"2018/04/06","1046.05","-20.88","-1.96",,,,,,
"2018/04/05","1066.93","7.07","0.67",,,,,,
"2018/04/04","1059.86","-22.00","-2.03",,,,,,
"2018/04/03","1081.86","-2.11","-0.19",,,,,,
"2018/04/02","1083.97","20.93","1.97",,,,,,
"2018/03/30","1063.04","28.06","2.71",,,,,,
"2018/03/29","1034.98","7.18","0.70",,,,,,
"2018/03/28","1027.80","-10.49","-1.01",,,,,,
"2018/03/27","1038.29","-1.66","-0.16",,,,,,
"2018/03/26","1039.95","36.42","3.63",,,,,,
"2018/03/23","1003.53","-40.16","-3.85",,,,,,
"2018/03/22","1043.69","-6.28","-0.60",,,,,,
"2018/03/21","1049.97","5.00","0.48",,,,,,
"2018/03/20","1044.97","19.90","1.94",,,,,,
"2018/03/19","1025.07","-24.99","-2.38",,,,,,
"2018/03/16","1050.06","11.53","1.11",,,,,,
"2018/03/15","1038.53","4.83","0.47",,,,,,
"2018/03/14","1033.70","-9.16","-0.88",,,,,,
"2018/03/13","1042.86","-18.54","-1.75",,,,,,
"2018/03/12","1061.40","9.32","0.89",,,,,,
"2018/03/09","1052.08","31.19","3.06",,,,,,
"2018/03/08","1020.89","13.11","1.30",,,,,,
"2018/03/07","1007.78","-14.55","-1.42",,,,,,
"2018/03/06","1022.33","-10.61","-1.03",,,,,,
"2018/03/05","1032.94","-38.58","-3.60",,,,,,
"2018/03/02","1071.52","47.62","4.65",,,,,,
"2018/02/28","1023.90","-34.14","-3.23",,,,,,
"2018/02/27","1058.04","8.39","0.80",,,,,,
"2018/02/26","1049.65","-3.53","-0.34",,,,,,
"2018/02/23","1053.18","17.72","1.71",,,,,,
"2018/02/22","1035.46","7.38","0.72",,,,,,
"2018/02/21","1028.08","16.69","1.65",,,,,,
"2018/02/20","1011.39","-19.97","-1.94",,,,,,
"2018/02/19","1031.36","22.36","2.22",,,,,,
"2018/02/14","1009.00","8.13","0.81",,,,,,
"2018/02/13","1000.87","3.37","0.34",,,,,,
"2018/02/12","997.50","12.69","1.29",,,,,,
"2018/02/09","984.81","-38.74","-3.78",,,,,,
"2018/02/08","1023.55","16.66","1.65",,,,,,
"2018/02/07","1006.89","-32.58","-3.13",,,,,,
"2018/02/06","1039.47","-14.98","-1.42",,,,,,
"2018/02/05","1054.45","-42.95","-3.91",,,,,,
"2018/02/02","1097.40","-24.30","-2.17",,,,,,
"2018/02/01","1121.70","4.59","0.41",,,,,,
"2018/01/31","1117.11","5.34","0.48",,,,,,
"2018/01/30","1111.77","-9.06","-0.81",,,,,,
"2018/01/29","1120.83","-12.07","-1.07",,,,,,
"2018/01/26","1132.90","39.76","3.64",,,,,,
"2018/01/25","1093.14","7.05","0.65",,,,,,
"2018/01/24","1086.09","-8.48","-0.77",,,,,,
"2018/01/23","1094.57","26.37","2.47",,,,,,
"2018/01/22","1068.20","-9.87","-0.92",,,,,,
"2018/01/19","1078.07","-2.40","-0.22",,,,,,
"2018/01/18","1080.47","18.04","1.70",,,,,,
"2018/01/17","1062.43","7.12","0.67",,,,,,
"2018/01/16","1055.31","28.68","2.79",,,,,,
"2018/01/15","1026.63","8.15","0.80",,,,,,
"2018/01/12","1018.48","-14.82","-1.43",,,,,,
"2018/01/11","1033.30","7.74","0.75",,,,,,
"2018/01/10","1025.56","2.06","0.20",,,,,,
"2018/01/09","1023.50","1.91","0.19",,,,,,
"2018/01/08","1021.59","-7.47","-0.73",,,,,,
"2018/01/05","1029.06","-17.92","-1.71",,,,,,
"2018/01/04","1046.98","-38.30","-3.53",,,,,,
"2018/01/03","1085.28","-12.68","-1.15",,,,,,
"2018/01/02","1097.96","2.19","0.20",,,,,,
"2017/12/28","1095.77","-8.76","-0.79",,,,,,
"2017/12/27","1104.53","51.69","4.91",,,,,,
"2017/12/26","1052.84","-10.79","-1.01",,,,,,
"2017/12/22","1063.63","17.84","1.71",,,,,,
"2017/12/21","1045.79","-16.64","-1.57",,,,,,
"2017/12/20","1062.43","-35.42","-3.23",,,,,,
"2017/12/19","1097.85","-14.77","-1.33",,,,,,
"2017/12/18","1112.62","6.71","0.61",,,,,,
"2017/12/15","1105.91","-9.99","-0.90",,,,,,
"2017/12/14","1115.90","0.62","0.06",,,,,,
"2017/12/13","1115.28","28.75","2.65",,,,,,
"2017/12/12","1086.53","14.27","1.33",,,,,,
"2017/12/11","1072.26","15.19","1.44",,,,,,
"2017/12/08","1057.07","9.79","0.93",,,,,,
"2017/12/07","1047.28","0.15","0.01",,,,,,
"2017/12/06","1047.13","-4.91","-0.47",,,,,,
"2017/12/05","1052.04","-6.24","-0.59",,,,,,
"2017/12/04","1058.28","-0.37","-0.03",,,,,,
"2017/12/01","1058.65","35.56","3.48",,,,,,
"2017/11/30","1023.09","-39.97","-3.76",,,,,,
"2017/11/29","1063.06","4.21","0.40",,,,,,
"2017/11/28","1058.85","-24.83","-2.29",,,,,,
"2017/11/27","1083.68","-8.53","-0.78",,,,,,
"2017/11/24","1092.21","-3.26","-0.30",,,,,,
"2017/11/23","1095.47","9.86","0.91",,,,,,
"2017/11/22","1085.61","-9.27","-0.85",,,,,,
"2017/11/21","1094.88","36.35","3.43",,,,,,
"2017/11/20","1058.53","-2.33","-0.22",,,,,,
"2017/11/17","1060.86","-21.22","-1.96",,,,,,
"2017/11/16","1082.08","12.67","1.18",,,,,,
"2017/11/15","1069.41","10.59","1.00",,,,,,
"2017/11/14","1058.82","24.88","2.41",,,,,,
"2017/11/13","1033.94","-2.85","-0.27",,,,,,
"2017/11/10","1036.79","13.98","1.37",,,,,,
"2017/11/09","1022.81","-28.90","-2.75",,,,,,
"2017/11/08","1051.71","-1.84","-0.17",,,,,,
"2017/11/07","1053.55","-8.66","-0.82",,,,,,
"2017/11/06","1062.21","38.59","3.77",,,,,,
"2017/11/03","1023.62","-4.86","-0.47",,,,,,
"2017/11/02","1028.48","14.84","1.46",,,,,,
"2017/11/01","1013.64","-8.38","-0.82",,,,,,
"2017/10/31","1022.02","20.17","2.01",,,,,,
"2017/10/30","1001.85","-19.57","-1.92",,,,,,
"2017/10/27","1021.42","13.70","1.36",,,,,,
"2017/10/26","1007.72","-11.48","-1.13",,,,,,
"2017/10/25","1019.20","3.30","0.32",,,,,,
"2017/10/24","1015.90","13.76","1.37",,,,,,
"2017/10/23","1002.14","-1.08","-0.11",,,,,,
"2017/10/20","1003.22","1.33","0.13",,,,,,
"2017/10/19","1001.89","-27.44","-2.67",,,,,,
"2017/10/18","1029.33","22.82","2.27",,,,,,
"2017/10/17","1006.51","32.81","3.37",,,,,,
"2017/10/16","973.70","5.18","0.53",,,,,,
"2017/10/13","968.52","11.76","1.23",,,,,,
"2017/10/12","956.76","-28.34","-2.88",,,,,,
"2017/10/11","985.10","6.08","0.62",,,,,,
"2017/10/10","979.02","-20.61","-2.06",,,,,,
"2017/09/29","999.63","11.51","1.16",,,,,,
"2017/09/28","988.12","1.99","0.20",,,,,,
"2017/09/27","986.13","5.47","0.56",,,,,,
"2017/09/26","980.66","12.60","1.30",,,,,,
"2017/09/25","968.06","-6.14","-0.63",,,,,,
"2017/09/22","974.20","-22.57","-2.26",,,,,,
"2017/09/21","996.77","-13.77","-1.36",,,,,,
"2017/09/20","1010.54","-11.86","-1.16",,,,,,
"2017/09/19","1022.40","-6.93","-0.67",,,,,,
"2017/09/18","1029.33","16.97","1.68",,,,,,
"2017/09/15","1012.36","8.77","0.87",,,,,,
"2017/09/14","1003.59","11.63","1.17",,,,,,
"2017/09/13","991.96","16.98","1.74",,,,,,
"2017/09/12","974.98","2.33","0.24",,,,,,
"2017/09/11","972.65","0.49","0.05",,,,,,
"2017/09/08","972.16","-16.66","-1.68",,,,,,
"2017/09/07","988.82","21.45","2.22",,,,,,
"2017/09/06","967.37","31.21","3.33",,,,,,
"2017/09/05","936.16","13.42","1.45",,,,,,
"2017/09/04","922.74","-2.92","-0.32",,,,,,
"2017/09/01","925.66","13.36","1.46",,,,,,
"2017/08/31","912.30","4.16","0.46",,,,,,
"2017/08/30","908.14","0.66","0.07",,,,,,
"2017/08/29","907.48","-3.89","-0.43",,,,,,
"2017/08/28","911.37","0.08","0.01",,,,,,
"2017/08/25","911.29","-1.92","-0.21",,,,,,
"2017/08/24","913.21","4.44","0.49",,,,,,
"2017/08/23","908.77","-5.67","-0.62",,,,,,
"2017/08/22","914.44","9.11","1.01",,,,,,
"2017/08/21","905.33","-3.26","-0.36",,,,,,
"2017/08/18","908.59","4.16","0.46",,,,,,
"2017/08/17","904.43","1.30","0.14",,,,,,
"2017/08/16","903.13","12.47","1.40",,,,,,
"2017/08/14","890.66","-5.99","-0.67",,,,,,
"2017/08/11","896.65","-45.64","-4.84",,,,,,
"2017/08/10","942.29","-0.43","-0.05",,,,,,
"2017/08/09","942.72","-1.08","-0.11",,,,,,
"2017/08/08","943.80","15.82","1.70",,,,,,
"2017/08/07","927.98","12.30","1.34",,,,,,
"2017/08/04","915.68","-23.27","-2.48",,,,,,
"2017/08/03","938.95","-21.38","-2.23",,,,,,
"2017/08/02","960.33","2.91","0.30",,,,,,
"2017/08/01","957.42","8.61","0.91",,,,,,
"2017/07/31","948.81","8.32","0.88",,,,,,
"2017/07/28","940.49","-15.10","-1.58",,,,,,
"2017/07/27","955.59","-3.13","-0.33",,,,,,
"2017/07/26","958.72","-21.36","-2.18",,,,,,
"2017/07/25","980.08","12.13","1.25",,,,,,
"2017/07/24","967.95","-26.46","-2.66",,,,,,
"2017/07/21","994.41","-1.94","-0.19",,,,,,
"2017/07/20","996.35","21.36","2.19",,,,,,
"2017/07/19","974.99","-1.29","-0.13",,,,,,
"2017/07/18","976.28","1.80","0.18",,,,,,
"2017/07/17","974.48","-5.80","-0.59",,,,,,
"2017/07/14","980.28","0.58","0.06",,,,,,
"2017/07/13","979.70","2.83","0.29",,,,,,
"2017/07/12","976.87","-3.56","-0.36",,,,,,
"2017/07/11","980.43","-4.75","-0.48",,,,,,
"2017/07/10","985.18","-20.13","-2.00",,,,,,
"2017/07/07","1005.31","-18.15","-1.77",,,,,,
"2017/07/06","1023.46","8.92","0.88",,,,,,
"2017/07/05","1014.54","17.61","1.77",,,,,,
"2017/07/04","996.93","0.45","0.05",,,,,,
"2017/07/03","996.48","-3.76","-0.38",,,,,,
"2017/06/30","1000.24","-0.46","-0.05",,,,,,
"2017/06/29","1000.70","15.90","1.61",,,,,,
"2017/06/28","984.80","-26.02","-2.57",,,,,,
"2017/06/27","1010.82","-3.09","-0.30",,,,,,
"2017/06/26","1013.91","-4.19","-0.41",,,,,,
"2017/06/23","1018.10","43.82","4.50",,,,,,
"2017/06/22","974.28","-21.26","-2.14",,,,,,
"2017/06/21","995.54","-11.43","-1.14",,,,,,
"2017/06/20","1006.97","-35.97","-3.45",,,,,,
"2017/06/19","1042.94","16.20","1.58",,,,,,
"2017/06/16","1026.74","0.95","0.09",,,,,,
"2017/06/15","1025.79","9.12","0.90",,,,,,
"2017/06/14","1016.67","4.76","0.47",,,,,,
"2017/06/13","1011.91","-10.92","-1.07",,,,,,
"2017/06/12","1022.83","1.47","0.14",,,,,,
"2017/06/09","1021.36","16.85","1.68",,,,,,
"2017/06/08","1004.51","-4.95","-0.49",,,,,,
"2017/06/07","1009.46","14.84","1.49",,,,,,
"2017/06/05","994.62","30.85","3.20",,,,,,
"2017/06/02","963.77","9.32","0.98",,,,,,
"2017/06/01","954.45","3.57","0.38",,,,,,
"2017/05/31","950.88","-5.80","-0.61",,,,,,
"2017/05/30","956.68","13.16","1.39",,,,,,
"2017/05/29","943.52","-4.61","-0.49",,,,,,
"2017/05/26","948.13","4.00","0.42",,,,,,
"2017/05/25","944.13","-1.76","-0.19",,,,,,
"2017/05/24","945.89","-8.59","-0.90",,,,,,
"2017/05/23","954.48","2.77","0.29",,,,,,
"2017/05/22","951.71","8.01","0.85",,,,,,
"2017/05/19","943.70","1.42","0.15",,,,,,
"2017/05/18","942.28","10.02","1.07",,,,,,
"2017/05/17","932.26","12.21","1.33",,,,,,
"2017/05/16","920.05","-4.84","-0.52",,,,,,
"2017/05/15","924.89","17.22","1.90",,,,,,
"2017/05/12","907.67","-33.15","-3.52",,,,,,
"2017/05/11","940.82","13.86","1.50",,,,,,
"2017/05/10","926.96","1.35","0.15",,,,,,
"2017/05/08","925.61","-4.76","-0.51",,,,,,
"2017/05/04","930.37","10.71","1.16",,,,,,
"2017/05/02","919.66","2.95","0.32",,,,,,
"2017/04/28","916.71","-1.92","-0.21",,,,,,
"2017/04/27","918.63","-7.48","-0.81",,,,,,
"2017/04/26","926.11","-7.93","-0.85",,,,,,
"2017/04/25","934.04","17.82","1.94",,,,,,
"2017/04/24","916.22","-2.76","-0.30",,,,,,
"2017/04/21","918.98","-6.90","-0.75",,,,,,
"2017/04/20","925.88","14.06","1.54",,,,,,
"2017/04/19","911.82","8.05","0.89",,,,,,
"2017/04/18","903.77","5.29","0.59",,,,,,
"2017/04/17","898.48","12.99","1.47",,,,,,
"2017/04/14","885.49","-19.60","-2.17",,,,,,
"2017/04/13","905.09","25.99","2.96",,,,,,
"2017/04/12","879.10","13.35","1.54",,,,,,
"2017/04/11","865.75","5.12","0.59",,,,,,
"2017/04/10","860.63","-21.97","-2.49",,,,,,
"2017/04/07","882.60","-0.31","-0.04",,,,,,
"2017/04/06","882.91","2.50","0.28",,,,,,
"2017/04/05","880.41","23.33","2.72",,,,,,
"2017/04/04","857.08","1.63","0.19",,,,,,
"2017/04/03","855.45","8.57","1.01",,,,,,
"2017/03/31","846.88","10.36","1.24",,,,,,
"2017/03/30","836.52","-5.46","-0.65",,,,,,
"2017/03/29","841.98","10.30","1.24",,,,,,
"2017/03/28","831.68","0.80","0.10",,,,,,
"2017/03/27","830.88","-10.40","-1.24",,,,,,
"2017/03/24","841.28","1.30","0.15",,,,,,
"2017/03/23","839.98","4.82","0.58",,,,,,
"2017/03/22","835.16","8.92","1.08",,,,,,
"2017/03/21","826.24","12.73","1.56",,,,,,
"2017/03/20","813.51","-9.87","-1.20",,,,,,
"2017/03/17","823.38","0.82","0.10",,,,,,
"2017/03/16","822.56","7.45","0.91",,,,,,
"2017/03/15","815.11","-8.27","-1.00",,,,,,
"2017/03/14","823.38","-7.35","-0.88",,,,,,
"2017/03/13","830.73","5.66","0.69",,,,,,
"2017/03/10","825.07","26.64","3.34",,,,,,
"2017/03/09","798.43","-5.76","-0.72",,,,,,
"2017/03/08","804.19","3.01","0.38",,,,,,
"2017/03/07","801.18","4.22","0.53",,,,,,
"2017/03/06","796.96","-10.85","-1.34",,,,,,
"2017/03/03","807.81","-1.70","-0.21",,,,,,
"2017/03/02","809.51","-3.35","-0.41",,,,,,
"2017/02/28","812.86","0.27","0.03",,,,,,
"2017/02/27","812.59","-30.52","-3.62",,,,,,
"2017/02/24","843.11","-1.80","-0.21",,,,,,
"2017/02/23","844.91","-4.67","-0.55",,,,,,
"2017/02/22","849.58","26.23","3.19",,,,,,
"2017/02/21","823.35","11.63","1.43",,,,,,
"2017/02/20","811.72","12.44","1.56",,,,,,
"2017/02/17","799.28","-2.71","-0.34",,,,,,
"2017/02/16","801.99","4.97","0.62",,,,,,
"2017/02/15","797.02","4.25","0.54",,,,,,
"2017/02/14","792.77","-8.15","-1.02",,,,,,
"2017/02/13","800.92","3.21","0.40",,,,,,
"2017/02/10","797.71","-4.30","-0.54",,,,,,
"2017/02/09","802.01","11.06","1.40",,,,,,
"2017/02/08","790.95","24.76","3.23",,,,,,
"2017/02/07","766.19","-3.73","-0.48",,,,,,
"2017/02/06","769.92","13.03","1.72",,,,,,
"2017/02/03","756.89","4.38","0.58",,,,,,
"2017/02/02","752.51","-4.09","-0.54",,,,,,
"2017/02/01","756.60","17.79","2.41",,,,,,
"2017/01/31","738.81","0.56","0.08",,,,,,
"2017/01/26","738.25","7.22","0.99",,,,,,
"2017/01/25","731.03","-3.72","-0.51",,,,,,
"2017/01/24","734.75","-12.32","-1.65",,,,,,
"2017/01/23","747.07","8.53","1.15",,,,,,
"2017/01/20","738.54","7.48","1.02",,,,,,
"2017/01/19","731.06","6.06","0.84",,,,,,
"2017/01/18","725.00","6.50","0.90",,,,,,
"2017/01/17","718.50","-12.58","-1.72",,,,,,
"2017/01/16","731.08","0.11","0.02",,,,,,
"2017/01/13","730.97","1.96","0.27",,,,,,
"2017/01/12","729.01","10.08","1.40",,,,,,
"2017/01/11","718.93","3.95","0.55",,,,,,
"2017/01/10","714.98","-8.78","-1.21",,,,,,
"2017/01/09","723.76","-2.25","-0.31",,,,,,
"2017/01/06","726.01","1.45","0.20",,,,,,
"2017/01/05","724.56","-8.78","-1.20",,,,,,
"2017/01/04","733.34","5.43","0.75",,,,,,
"2017/01/03","727.91","21.30","3.01",,,,,,
"2017/01/02","706.61","11.76","1.69",,,,,,
"2016/12/29","694.85","-0.19","-0.03",,,,,,
"2016/12/28","695.04","6.54","0.95",,,,,,
"2016/12/27","688.50","3.59","0.52",,,,,,
"2016/12/26","684.91","-0.45","-0.07",,,,,,
"2016/12/23","685.36","-4.63","-0.67",,,,,,
"2016/12/22","689.99","-4.67","-0.67",,,,,,
"2016/12/21","694.66","-2.48","-0.36",,,,,,
"2016/12/20","697.14","-2.65","-0.38",,,,,,
"2016/12/19","699.79","2.59","0.37",,,,,,
"2016/12/16","697.20","-0.79","-0.11",,,,,,
"2016/12/15","697.99","5.46","0.79",,,,,,
"2016/12/14","692.53","16.12","2.38",,,,,,
"2016/12/13","676.41","7.01","1.05",,,,,,
"2016/12/12","669.40","4.49","0.68",,,,,,
"2016/12/09","664.91","29.25","4.60",,,,,,
"2016/12/08","635.66","-7.81","-1.21",,,,,,
"2016/12/07","643.47","0.40","0.06",,,,,,
"2016/12/06","643.07","2.51","0.39",,,,,,
"2016/12/05","640.56","-17.36","-2.64",,,,,,
"2016/12/02","657.92","-6.39","-0.96",,,,,,
"2016/12/01","664.31","-24.25","-3.52",,,,,,
"2016/11/30","688.56","0.49","0.07",,,,,,
"2016/11/29","688.07","0.54","0.08",,,,,,
"2016/11/28","687.53","-3.55","-0.51",,,,,,
"2016/11/25","691.08","14.88","2.20",,,,,,
"2016/11/24","676.20","-8.58","-1.25",,,,,,
"2016/11/23","684.78","0.18","0.03",,,,,,
"2016/11/22","684.60","6.15","0.91",,,,,,
"2016/11/21","678.45","-6.15","-0.90",,,,,,
"2016/11/18","684.60","-7.13","-1.03",,,,,,
"2016/11/17","691.73","2.65","0.38",,,,,,
"2016/11/16","689.08","22.71","3.41",,,,,,
"2016/11/15","666.37","-5.75","-0.86",,,,,,
"2016/11/14","672.12","-10.33","-1.51",,,,,,
"2016/11/11","682.45","-21.34","-3.03",,,,,,
"2016/11/10","703.79","8.10","1.16",,,,,,
"2016/11/09","695.69","-33.15","-4.55",,,,,,
"2016/11/08","728.84","-2.28","-0.31",,,,,,
"2016/11/07","731.12","22.24","3.14",,,,,,
"2016/11/04","708.88","-5.03","-0.70",,,,,,
"2016/11/03","713.91","6.66","0.94",,,,,,
"2016/11/02","707.25","-16.15","-2.23",,,,,,
"2016/11/01","723.40","-4.59","-0.63",,,,,,
"2016/10/31","727.99","-16.98","-2.28",,,,,,
"2016/10/28","744.97","-6.94","-0.92",,,,,,
"2016/10/27","751.91","3.80","0.51",,,,,,
"2016/10/26","748.11","4.11","0.55",,,,,,
"2016/10/25","744.00","-6.47","-0.86",,,,,,
"2016/10/24","750.47","1.15","0.15",,,,,,
"2016/10/21","749.32","-1.89","-0.25",,,,,,
"2016/10/20","751.21","6.64","0.89",,,,,,
"2016/10/19","744.57","-7.40","-0.98",,,,,,
"2016/10/18","751.97","-10.63","-1.39",,,,,,
"2016/10/17","762.60","-13.87","-1.79",,,,,,
"2016/10/14","776.47","7.78","1.01",,,,,,
"2016/10/13","768.69","-8.87","-1.14",,,,,,
"2016/10/12","777.56","-7.60","-0.97",,,,,,
"2016/10/11","785.16","0.00","0.00",,,,,,
"2016/10/10","785.16","-4.36","-0.55",,,,,,
"2016/10/07","789.52","-7.59","-0.95",,,,,,
"2016/10/06","797.11","-12.31","-1.52",,,,,,
"2016/10/05","809.42","4.15","0.52",,,,,,
"2016/10/04","805.27","-0.21","-0.03",,,,,,
"2016/09/30","805.48","-5.75","-0.71",,,,,,
"2016/09/29","811.23","8.66","1.08",,,,,,
"2016/09/28","802.57","-0.82","-0.10",,,,,,
"2016/09/27","803.39","-1.63","-0.20",,,,,,
"2016/09/26","805.02","-1.67","-0.21",,,,,,
"2016/09/23","806.69","3.55","0.44",,,,,,
"2016/09/22","803.14","1.84","0.23",,,,,,
"2016/09/21","801.30","7.47","0.94",,,,,,
"2016/09/20","793.83","4.63","0.59",,,,,,
"2016/09/19","789.20","4.60","0.59",,,,,,
"2016/09/13","784.60","-5.13","-0.65",,,,,,
"2016/09/12","789.73","-17.50","-2.17",,,,,,
"2016/09/09","807.23","-11.75","-1.43",,,,,,
"2016/09/08","818.98","2.52","0.31",,,,,,
"2016/09/07","816.46","-8.07","-0.98",,,,,,
"2016/09/06","824.53","3.59","0.44",,,,,,
"2016/09/05","820.94","4.87","0.60",,,,,,
"2016/09/02","816.07","3.05","0.38",,,,,,
"2016/09/01","813.02","18.63","2.35",,,,,,
"2016/08/31","794.39","-3.76","-0.47",,,,,,
"2016/08/30","798.15","0.68","0.09",,,,,,
"2016/08/29","797.47","-15.18","-1.87",,,,,,
"2016/08/26","812.65","-4.11","-0.50",,,,,,
"2016/08/25","816.76","-0.74","-0.09",,,,,,
"2016/08/24","817.50","-2.04","-0.25",,,,,,
"2016/08/23","819.54","6.17","0.76",,,,,,
"2016/08/22","813.37","-8.64","-1.05",,,,,,
"2016/08/19","822.01","-10.44","-1.25",,,,,,
"2016/08/18","832.45","9.17","1.11",,,,,,
"2016/08/17","823.28","-2.69","-0.33",,,,,,
"2016/08/16","825.97","1.74","0.21",,,,,,
"2016/08/12","824.23","-4.25","-0.51",,,,,,
"2016/08/11","828.48","-15.91","-1.88",,,,,,
"2016/08/10","844.39","12.02","1.44",,,,,,
"2016/08/09","832.37","19.51","2.40",,,,,,
"2016/08/08","812.86","2.43","0.30",,,,,,
"2016/08/05","810.43","-6.64","-0.81",,,,,,
"2016/08/04","817.07","-12.82","-1.54",,,,,,
"2016/08/03","829.89","-10.79","-1.28",,,,,,
"2016/08/02","840.68","3.63","0.43",,,,,,
"2016/08/01","837.05","-9.70","-1.15",,,,,,
"2016/07/29","846.75","-12.00","-1.40",,,,,,
"2016/07/28","858.75","-2.93","-0.34",,,,,,
"2016/07/27","861.68","14.44","1.70",,,,,,
"2016/07/26","847.24","-12.53","-1.46",,,,,,
"2016/07/25","859.77","-6.42","-0.74",,,,,,
"2016/07/22","866.19","8.19","0.95",,,,,,
"2016/07/21","858.00","-1.98","-0.23",,,,,,
"2016/07/20","859.98","-12.59","-1.44",,,,,,
"2016/07/19","872.57","-1.62","-0.19",,,,,,
"2016/07/18","874.19","-4.62","-0.53",,,,,,
"2016/07/15","878.81","4.93","0.56",,,,,,
"2016/07/14","873.88","-10.14","-1.15",,,,,,
"2016/07/13","884.02","7.96","0.91",,,,,,
"2016/07/12","876.06","1.75","0.20",,,,,,
"2016/07/11","874.31","3.26","0.37",,,,,,
"2016/07/08","871.05","-3.40","-0.39",,,,,,
"2016/07/07","874.45","9.44","1.09",,,,,,
"2016/07/06","865.01","-8.67","-0.99",,,,,,
"2016/07/05","873.68","4.82","0.55",,,,,,
"2016/07/04","868.86","1.25","0.14",,,,,,
"2016/07/01","867.61","10.74","1.25",,,,,,
"2016/06/30","856.87","19.24","2.30",,,,,,
"2016/06/29","837.63","11.83","1.43",,,,,,
"2016/06/28","825.80","5.01","0.61",,,,,,
"2016/06/27","820.79","8.87","1.09",,,,,,
"2016/06/24","811.92","-38.07","-4.48",,,,,,
"2016/06/23","849.99","-5.91","-0.69",,,,,,
"2016/06/22","855.90","-4.87","-0.57",,,,,,
"2016/06/21","860.77","1.48","0.17",,,,,,
"2016/06/20","859.29","10.71","1.26",,,,,,
"2016/06/17","848.58","-7.33","-0.86",,,,,,
"2016/06/16","855.91","-12.34","-1.42",,,,,,
"2016/06/15","868.25","-3.51","-0.40",,,,,,
"2016/06/14","871.76","3.11","0.36",,,,,,
"2016/06/13","868.65","-19.23","-2.17",,,,,,
"2016/06/10","887.88","15.16","1.74",,,,,,
"2016/06/09","872.72","7.89","0.91",,,,,,
"2016/06/08","864.83","0.29","0.03",,,,,,
"2016/06/07","864.54","1.66","0.19",,,,,,
"2016/06/03","862.88","-3.81","-0.44",,,,,,
"2016/06/02","866.69","0.38","0.04",,,,,,
"2016/06/01","866.31","-0.36","-0.04",,,,,,
"2016/05/31","866.67","12.15","1.42",,,,,,
"2016/05/30","854.52","6.22","0.73",,,,,,
"2016/05/27","848.30","-7.37","-0.86",,,,,,
"2016/05/26","855.67","-0.61","-0.07",,,,,,
"2016/05/25","856.28","-2.85","-0.33",,,,,,
"2016/05/24","859.13","-6.43","-0.74",,,,,,
"2016/05/23","865.56","2.53","0.29",,,,,,
"2016/05/20","863.03","-3.00","-0.35",,,,,,
"2016/05/19","866.03","-7.87","-0.90",,,,,,
"2016/05/18","873.90","2.65","0.30",,,,,,
"2016/05/17","871.25","-7.00","-0.80",,,,,,
"2016/05/16","878.25","4.00","0.46",,,,,,
"2016/05/13","874.25","3.62","0.42",,,,,,
"2016/05/12","870.63","2.55","0.29",,,,,,
"2016/05/11","868.08","-0.96","-0.11",,,,,,
"2016/05/10","869.04","13.15","1.54",,,,,,
"2016/05/09","855.89","-2.80","-0.33",,,,,,
"2016/05/04","858.69","18.15","2.16",,,,,,
"2016/05/03","840.54","18.56","2.26",,,,,,
"2016/05/02","821.98","-22.53","-2.67",,,,,,
"2016/04/29","844.51","6.96","0.83",,,,,,
"2016/04/28","837.55","-2.38","-0.28",,,,,,
"2016/04/27","839.93","0.57","0.07",,,,,,
"2016/04/26","839.36","-13.19","-1.55",,,,,,
"2016/04/25","852.55","8.33","0.99",,,,,,
"2016/04/22","844.22","-4.78","-0.56",,,,,,
"2016/04/21","849.00","3.54","0.42",,,,,,
"2016/04/20","845.46","2.59","0.31",,,,,,
"2016/04/19","842.87","12.57","1.51",,,,,,
"2016/04/18","830.30","-1.11","-0.13",,,,,,
"2016/04/15","831.41","-0.09","-0.01",,,,,,
"2016/04/14","831.50","-3.10","-0.37",,,,,,
"2016/04/12","834.60","-3.15","-0.38",,,,,,
"2016/04/11","837.75","-11.68","-1.38",,,,,,
"2016/04/08","849.43","-8.38","-0.98",,,,,,
"2016/04/07","857.81","7.89","0.93",,,,,,
"2016/04/06","849.92","-1.94","-0.23",,,,,,
"2016/04/05","851.86","2.21","0.26",,,,,,
"2016/04/04","849.65","4.80","0.57",,,,,,
"2016/04/01","844.85","3.45","0.41",,,,,,
"2016/03/31","841.40","5.92","0.71",,,,,,
"2016/03/30","835.48","13.59","1.65",,,,,,
"2016/03/29","821.89","1.58","0.19",,,,,,
"2016/03/28","820.31","-13.37","-1.60",,,,,,
"2016/03/25","833.68","-5.64","-0.67",,,,,,
"2016/03/24","839.32","-6.90","-0.82",,,,,,
"2016/03/23","846.22","-2.44","-0.29",,,,,,
"2016/03/22","848.66","15.29","1.83",,,,,,
"2016/03/21","833.37","-8.33","-0.99",,,,,,
"2016/03/18","841.70","5.35","0.64",,,,,,
"2016/03/17","836.35","-4.00","-0.48",,,,,,
"2016/03/16","840.35","-2.21","-0.26",,,,,,
"2016/03/15","842.56","-5.30","-0.63",,,,,,
"2016/03/14","847.86","-16.69","-1.93",,,,,,
"2016/03/11","864.55","-0.27","-0.03",,,,,,
"2016/03/10","864.82","34.07","4.10",,,,,,
"2016/03/09","830.75","12.76","1.56",,,,,,
"2016/03/08","817.99","-9.57","-1.16",,,,,,
"2016/03/07","827.56","-16.29","-1.93",,,,,,
"2016/03/04","843.85","6.68","0.80",,,,,,
"2016/03/03","837.17","7.21","0.87",,,,,,
"2016/03/02","829.96","8.99","1.10",,,,,,
"2016/02/29","820.97","13.07","1.62",,,,,,
"2016/02/26","807.90","8.21","1.03",,,,,,
"2016/02/25","799.69","-13.08","-1.61",,,,,,
"2016/02/24","812.77","0.61","0.08",,,,,,
"2016/02/23","812.16","-23.53","-2.82",,,,,,
"2016/02/22","835.69","-0.69","-0.08",,,,,,
"2016/02/19","836.38","6.11","0.74",,,,,,
"2016/02/18","830.27","8.53","1.04",,,,,,
"2016/02/17","821.74","-2.88","-0.35",,,,,,
"2016/02/16","824.62","17.06","2.11",,,,,,
"2016/02/15","807.56","12.05","1.51",,,,,,
"2016/02/12","795.51","-24.83","-3.03",,,,,,
"2016/02/11","820.34","-19.63","-2.34",,,,,,
"2016/02/05","839.97","2.07","0.25",,,,,,
"2016/02/04","837.90","13.01","1.58",,,,,,
"2016/02/03","824.89","-15.97","-1.90",,,,,,
"2016/02/02","840.86","4.97","0.59",,,,,,
"2016/02/01","835.89","-14.50","-1.71",,,,,,
"2016/01/29","850.39","3.52","0.42",,,,,,
"2016/01/28","846.87","-1.07","-0.13",,,,,,
"2016/01/27","847.94","-13.93","-1.62",,,,,,
"2016/01/26","861.87","15.12","1.79",,,,,,
"2016/01/25","846.75","-7.23","-0.85",,,,,,
"2016/01/22","853.98","38.74","4.75",,,,,,
"2016/01/21","815.24","2.63","0.32",,,,,,
"2016/01/20","812.61","-8.65","-1.05",,,,,,
"2016/01/19","821.26","-5.31","-0.64",,,,,,
"2016/01/18","826.57","27.84","3.49",,,,,,
"2016/01/15","798.73","2.01","0.25",,,,,,
"2016/01/14","796.72","-8.39","-1.04",,,,,,
"2016/01/13","805.11","8.46","1.06",,,,,,
"2016/01/12","796.65","-1.82","-0.23",,,,,,
"2016/01/11","798.47","2.56","0.32",,,,,,
"2016/01/08","795.91","-1.08","-0.14",,,,,,
"2016/01/07","796.99","-1.20","-0.15",,,,,,
"2016/01/06","798.19","-18.27","-2.24",,,,,,
"2016/01/05","816.46","14.17","1.77",,,,,,
"2016/01/04","802.29","-11.38","-1.40",,,,,,
"2015/12/30","813.67","22.55","2.85",,,,,,
"2015/12/29","791.12","16.01","2.07",,,,,,
"2015/12/28","775.11","-3.70","-0.48",,,,,,
"2015/12/24","778.81","-11.97","-1.51",,,,,,
"2015/12/23","790.78","1.00","0.13",,,,,,
"2015/12/22","789.78","-7.60","-0.95",,,,,,
"2015/12/21","797.38","6.16","0.78",,,,,,
"2015/12/18","791.22","-5.51","-0.69",,,,,,
"2015/12/17","796.73","19.41","2.50",,,,,,
"2015/12/16","777.32","16.60","2.18",,,,,,
"2015/12/15","760.72","-3.16","-0.41",,,,,,
"2015/12/14","763.88","-32.69","-4.10",,,,,,
"2015/12/11","796.57","-3.78","-0.47",,,,,,
"2015/12/10","800.35","14.48","1.84",,,,,,
"2015/12/09","785.87","-26.58","-3.27",,,,,,
"2015/12/08","812.45","-13.33","-1.61",,,,,,
"2015/12/07","825.78","18.67","2.31",,,,,,
"2015/12/04","807.11","-10.25","-1.25",,,,,,
"2015/12/03","817.36","1.74","0.21",,,,,,
"2015/12/02","815.62","-9.16","-1.11",,,,,,
"2015/12/01","824.78","9.13","1.12",,,,,,
"2015/11/30","815.65","-8.09","-0.98",,,,,,
"2015/11/27","823.74","14.29","1.77",,,,,,
"2015/11/26","809.45","21.51","2.73",,,,,,
"2015/11/25","787.94","1.73","0.22",,,,,,
"2015/11/24","786.21","-8.82","-1.11",,,,,,
"2015/11/23","795.03","10.11","1.29",,,,,,
"2015/11/20","784.92","5.88","0.75",,,,,,
"2015/11/19","779.04","7.83","1.02",,,,,,
"2015/11/18","771.21","-8.59","-1.10",,,,,,
"2015/11/17","779.80","7.34","0.95",,,,,,
"2015/11/16","772.46","-48.40","-5.90",,,,,,
"2015/11/13","820.86","5.39","0.66",,,,,,
"2015/11/12","815.47","-4.03","-0.49",,,,,,
"2015/11/11","819.50","7.98","0.98",,,,,,
"2015/11/10","811.52","-43.59","-5.10",,,,,,
"2015/11/09","855.11","-31.97","-3.60",,,,,,
"2015/11/06","887.08","7.20","0.82",,,,,,
"2015/11/05","879.88","1.55","0.18",,,,,,
"2015/11/04","878.33","18.43","2.14",,,,,,
"2015/11/03","859.90","13.22","1.56",,,,,,
"2015/11/02","846.68","-13.53","-1.57",,,,,,
"2015/10/30","860.21","-10.69","-1.23",,,,,,
"2015/10/29","870.90","14.42","1.68",,,,,,
"2015/10/28","856.48","0.36","0.04",,,,,,
"2015/10/27","856.12","-3.14","-0.37",,,,,,
"2015/10/26","859.26","41.71","5.10",,,,,,
"2015/10/23","817.55","7.58","0.94",,,,,,
"2015/10/22","809.97","-15.40","-1.87",,,,,,
"2015/10/21","825.37","-19.29","-2.28",,,,,,
"2015/10/20","844.66","-10.97","-1.28",,,,,,
"2015/10/19","855.63","-0.49","-0.06",,,,,,
"2015/10/16","856.12","-0.11","-0.01",,,,,,
"2015/10/15","856.23","5.67","0.67",,,,,,
"2015/10/14","850.56","-4.26","-0.50",,,,,,
"2015/10/13","854.82","16.72","1.99",,,,,,
"2015/10/12","838.10","-0.81","-0.10",,,,,,
"2015/10/08","838.91","-9.00","-1.06",,,,,,
"2015/10/07","847.91","-5.91","-0.69",,,,,,
"2015/10/06","853.82","-6.80","-0.79",,,,,,
"2015/10/05","860.62","4.39","0.51",,,,,,
"2015/10/02","856.23","-5.39","-0.63",,,,,,
"2015/10/01","861.62","0.79","0.09",,,,,,
"2015/09/30","860.83","8.05","0.94",,,,,,
"2015/09/25","852.78","3.82","0.45",,,,,,
"2015/09/24","848.96","14.07","1.69",,,,,,
"2015/09/23","834.89","-16.85","-1.98",,,,,,
"2015/09/22","851.74","2.14","0.25",,,,,,
"2015/09/21","849.60","5.12","0.61",,,,,,
"2015/09/18","844.48","31.10","3.82",,,,,,
"2015/09/17","813.38","-6.56","-0.80",,,,,,
"2015/09/16","819.94","7.66","0.94",,,,,,
"2015/09/15","812.28","-8.89","-1.08",,,,,,
"2015/09/14","821.17","2.56","0.31",,,,,,
"2015/09/11","818.61","-1.04","-0.13",,,,,,
"2015/09/10","819.65","6.09","0.75",,,,,,
"2015/09/09","813.56","33.40","4.28",,,,,,
"2015/09/08","780.16","-15.83","-1.99",,,,,,
"2015/09/07","795.99","3.94","0.50",,,,,,
"2015/09/04","792.05","-27.28","-3.33",,,,,,
"2015/09/03","819.33","-12.45","-1.50",,,,,,
"2015/09/02","831.78","6.10","0.74",,,,,,
"2015/09/01","825.68","-39.97","-4.62",,,,,,
"2015/08/31","865.65","-13.65","-1.55",,,,,,
"2015/08/28","879.30","23.17","2.71",,,,,,
"2015/08/27","856.13","0.29","0.03",,,,,,
"2015/08/26","855.84","28.27","3.42",,,,,,
"2015/08/25","827.57","18.30","2.26",,,,,,
"2015/08/24","809.27","-9.88","-1.21",,,,,,
"2015/08/21","819.15","-40.12","-4.67",,,,,,
"2015/08/20","859.27","-5.64","-0.65",,,,,,
"2015/08/19","864.91","-38.25","-4.24",,,,,,
"2015/08/18","903.16","-21.95","-2.37",,,,,,
"2015/08/17","925.11","-1.48","-0.16",,,,,,
"2015/08/13","926.59","-4.10","-0.44",,,,,,
"2015/08/12","930.69","19.52","2.14",,,,,,
"2015/08/11","911.17","-17.45","-1.88",,,,,,
"2015/08/10","928.62","-7.88","-0.84",,,,,,
"2015/08/07","936.50","27.17","2.99",,,,,,
"2015/08/06","909.33","0.19","0.02",,,,,,
"2015/08/05","909.14","8.90","0.99",,,,,,
"2015/08/04","900.24","7.19","0.81",,,,,,
"2015/08/03","893.05","-16.06","-1.77",,,,,,
"2015/07/31","909.11","-21.60","-2.32",,,,,,
"2015/07/30","930.71","1.48","0.16",,,,,,
"2015/07/29","929.23","-8.53","-0.91",,,,,,
"2015/07/28","937.76","-24.67","-2.56",,,,,,
"2015/07/27","962.43","-34.43","-3.45",,,,,,
"2015/07/24","996.86","8.56","0.87",,,,,,
"2015/07/23","988.30","-7.94","-0.80",,,,,,
"2015/07/22","996.24","-21.07","-2.07",,,,,,
"2015/07/21","1017.31","-3.17","-0.31",,,,,,
"2015/07/20","1020.48","10.23","1.01",,,,,,
"2015/07/17","1010.25","1.82","0.18",,,,,,
"2015/07/16","1008.43","51.09","5.34",,,,,,
"2015/07/15","957.34","-8.03","-0.83",,,,,,
"2015/07/14","965.37","-25.50","-2.57",,,,,,
"2015/07/13","990.87","38.43","4.03",,,,,,
"2015/07/10","952.44","3.54","0.37",,,,,,
"2015/07/09","948.90","7.15","0.76",,,,,,
"2015/07/08","941.75","-3.70","-0.39",,,,,,
"2015/07/07","945.45","48.12","5.36",,,,,,
"2015/07/06","897.33","-35.37","-3.79",,,,,,
"2015/07/03","932.70","-5.84","-0.62",,,,,,
"2015/07/02","938.54","10.75","1.16",,,,,,
"2015/07/01","927.79","61.92","7.15",,,,,,
"2015/06/30","865.87","2.77","0.32",,,,,,
"2015/06/29","863.10","-22.03","-2.49",,,,,,
"2015/06/26","885.13","-7.20","-0.81",,,,,,
"2015/06/25","892.33","4.66","0.52",,,,,,
"2015/06/24","887.67","-2.31","-0.26",,,,,,
"2015/06/23","889.98","17.71","2.03",,,,,,
"2015/06/22","872.27","-5.09","-0.58",,,,,,
"2015/06/19","877.36","36.65","4.36",,,,,,
"2015/06/18","840.71","-7.56","-0.89",,,,,,
"2015/06/17","848.27","15.62","1.88",,,,,,
"2015/06/16","832.65","-5.29","-0.63",,,,,,
"2015/06/15","837.94","-22.09","-2.57",,,,,,
"2015/06/12","860.03","-2.82","-0.33",,,,,,
"2015/06/11","862.85","0.49","0.06",,,,,,
"2015/06/10","862.36","-20.16","-2.28",,,,,,
"2015/06/09","882.52","-4.14","-0.47",,,,,,
"2015/06/08","886.66","15.46","1.77",,,,,,
"2015/06/05","871.20","8.24","0.95",,,,,,
"2015/06/04","862.96","-8.01","-0.92",,,,,,
"2015/06/03","870.97","6.11","0.71",,,,,,
"2015/06/02","864.86","-21.48","-2.42",,,,,,
"2015/06/01","886.34","8.72","0.99",,,,,,
"2015/05/29","877.62","11.65","1.35",,,,,,
"2015/05/28","865.97","-15.84","-1.80",,,,,,
"2015/05/27","881.81","-9.57","-1.07",,,,,,
"2015/05/26","891.38","-19.67","-2.16",,,,,,
"2015/05/22","911.05","-20.25","-2.17",,,,,,
"2015/05/21","931.30","-10.63","-1.13",,,,,,
"2015/05/20","941.93","24.64","2.69",,,,,,
"2015/05/19","917.29","1.14","0.12",,,,,,
"2015/05/18","916.15","-26.44","-2.81",,,,,,
"2015/05/15","942.59","2.32","0.25",,,,,,
"2015/05/14","940.27","-1.89","-0.20",,,,,,
"2015/05/13","942.16","8.06","0.86",,,,,,
"2015/05/12","934.10","-21.80","-2.28",,,,,,
"2015/05/11","955.90","-29.82","-3.03",,,,,,
"2015/05/08","985.72","-13.40","-1.34",,,,,,
"2015/05/07","999.12","33.40","3.46",,,,,,
"2015/05/06","965.72","-18.29","-1.86",,,,,,
"2015/05/04","984.01","-14.86","-1.49",,,,,,
"2015/04/30","998.87","-28.07","-2.73",,,,,,
"2015/04/29","1026.94","-10.22","-0.99",,,,,,
"2015/04/28","1037.16","-3.50","-0.34",,,,,,
"2015/04/27","1040.66","29.48","2.92",,,,,,
"2015/04/24","1011.18","5.21","0.52",,,,,,
"2015/04/23","1005.97","2.35","0.23",,,,,,
"2015/04/22","1003.62","-11.43","-1.13",,,,,,
"2015/04/21","1015.05","24.02","2.42",,,,,,
"2015/04/20","991.03","0.04","0.00",,,,,,
"2015/04/17","990.99","-0.88","-0.09",,,,,,
"2015/04/16","991.87","-12.23","-1.22",,,,,,
"2015/04/15","1004.10","6.47","0.65",,,,,,
"2015/04/14","997.63","-4.80","-0.48",,,,,,
"2015/04/13","1002.43","-26.84","-2.61",,,,,,
"2015/04/10","1029.27","-19.38","-1.85",,,,,,
"2015/04/09","1048.65","-4.20","-0.40",,,,,,
"2015/04/08","1052.85","22.10","2.14",,,,,,
"2015/04/07","1030.75","-9.56","-0.92",,,,,,
"2015/04/06","1040.31","-5.04","-0.48",,,,,,
"2015/04/03","1045.35","29.52","2.91",,,,,,
"2015/04/02","1015.83","14.58","1.46",,,,,,
"2015/04/01","1001.25","-6.10","-0.61",,,,,,
"2015/03/31","1007.35","24.67","2.51",,,,,,
"2015/03/30","982.68","15.33","1.58",,,,,,
"2015/03/27","967.35","-20.34","-2.06",,,,,,
"2015/03/26","987.69","-15.33","-1.53",,,,,,
"2015/03/25","1003.02","16.56","1.68",,,,,,
"2015/03/24","986.46","3.98","0.41",,,,,,
"2015/03/23","982.48","-6.16","-0.62",,,,,,
"2015/03/20","988.64","7.45","0.76",,,,,,
"2015/03/19","981.19","-4.40","-0.45",,,,,,
"2015/03/18","985.59","-31.59","-3.11",,,,,,
"2015/03/17","1017.18","7.40","0.73",,,,,,
"2015/03/16","1009.78","9.01","0.90",,,,,,
"2015/03/13","1000.77","24.67","2.53",,,,,,
"2015/03/12","976.10","16.94","1.77",,,,,,
"2015/03/11","959.16","-14.48","-1.49",,,,,,
"2015/03/10","973.64","-17.22","-1.74",,,,,,
"2015/03/09","990.86","-15.53","-1.54",,,,,,
"2015/03/06","1006.39","11.87","1.19",,,,,,
"2015/03/05","994.52","10.94","1.11",,,,,,
"2015/03/04","983.58","5.36","0.55",,,,,,
"2015/03/03","978.22","11.49","1.19",,,,,,
"2015/03/02","966.73","-5.05","-0.52",,,,,,
"2015/02/27","971.78","21.45","2.26",,,,,,
"2015/02/26","950.33","-3.02","-0.32",,,,,,
"2015/02/25","953.35","-19.17","-1.97",,,,,,
"2015/02/24","972.52","-9.56","-0.97",,,,,,
"2015/02/23","982.08","8.52","0.88",,,,,,
"2015/02/17","973.56","8.07","0.84",,,,,,
"2015/02/16","965.49","-20.40","-2.07",,,,,,
"2015/02/13","985.89","-9.93","-1.00",,,,,,
"2015/02/12","995.82","-29.56","-2.88",,,,,,
"2015/02/11","1025.38","-15.47","-1.49",,,,,,
"2015/02/10","1040.85","6.83","0.66",,,,,,
"2015/02/09","1034.02","-28.08","-2.64",,,,,,
"2015/02/06","1062.10","2.23","0.21",,,,,,
"2015/02/05","1059.87","-24.28","-2.24",,,,,,
"2015/02/04","1084.15","1.81","0.17",,,,,,
"2015/02/03","1082.34","22.01","2.08",,,,,,
"2015/02/02","1060.33","-10.60","-0.99",,,,,,
"2015/01/30","1070.93","-23.94","-2.19",,,,,,
"2015/01/29","1094.87","-38.13","-3.37",,,,,,
"2015/01/28","1133.00","59.73","5.57",,,,,,
"2015/01/27","1073.27","-9.01","-0.83",,,,,,
"2015/01/26","1082.28","9.67","0.90",,,,,,
"2015/01/23","1072.61","71.52","7.14",,,,,,
"2015/01/22","1001.09","-32.22","-3.12",,,,,,
"2015/01/21","1033.31","23.84","2.36",,,,,,
"2015/01/20","1009.47","-9.17","-0.90",,,,,,
"2015/01/19","1018.64","-18.19","-1.75",,,,,,
"2015/01/16","1036.83","0.61","0.06",,,,,,
"2015/01/15","1036.22","12.22","1.19",,,,,,
"2015/01/14","1024.00","6.29","0.62",,,,,,
"2015/01/13","1017.71","-24.90","-2.39",,,,,,
"2015/01/12","1042.61","1.68","0.16",,,,,,
"2015/01/09","1040.93","6.01","0.58",,,,,,
"2015/01/08","1034.92","-9.77","-0.94",,,,,,
"2015/01/07","1044.69","19.65","1.92",,,,,,
"2015/01/06","1025.04","-1.65","-0.16",,,,,,
"2015/01/05","1026.69","26.69","2.67",,,,,,
"2015/01/02","1000.00",,,,,,,,